"Exchange","Symbol","Name","LastSale","MarketCap","IPOyear","Sector","industry","Summary Quote","Financials","USSIF_Financials","USSIF_ESG","WaterDataset","CarbonEmissions","GlobalEmissions","HRC","ForestRisk","Accounting Year","Account Number","Reporting Period To","ISIN","Industry Activity Group","REPORTED Scope 1 (metric tonnes CO2e)","Reported Scope 1 - Source","ESTIMATED Scope 1 (metric tonnes CO2e)","Estimated Scope 1 - Model Type","Estimated Scope 1 - Model Quality","Scope 1 comments","REPORTED Scope 2 (metric tonnes CO2e)","Reported Scope 2 - Source","ESTIMATED Scope 2 (metric tonnes CO2e)","Estimated Scope 2 - Model Type","Estimated Scope 2 - Model Quality","Scope 2 comments"
"NYSE","BCC","Boise Cascade, L.L.C.","34.95","$1.35B","2013","Consumer Services","RETAIL: Building Materials","http://www.nasdaq.com/symbol/bcc",1,0,0,0,1,0,0,0,2012,55030,,"US09739D1000","Forest and Paper Products - Forestry, Timber, Pulp and Paper, Rubber",,,"850000","Model 2","4",,,,"370000","Model 2","3",
"NYSE","BCC","Boise Cascade, L.L.C.","34.95","$1.35B","2013","Consumer Services","RETAIL: Building Materials","http://www.nasdaq.com/symbol/bcc",1,0,0,0,1,0,0,0,2011,55030,,"US09739D1000","Forest and Paper Products - Forestry, Timber, Pulp and Paper, Rubber",,,,,,"No revenue, modeled data dropped.",,,,,,"No revenue, modeled data dropped."
"NYSE","BCC","Boise Cascade, L.L.C.","34.95","$1.35B","2013","Consumer Services","RETAIL: Building Materials","http://www.nasdaq.com/symbol/bcc",1,0,0,0,1,0,0,0,2013,55030,,"US09739D1000","Forest and Paper Products - Forestry, Timber, Pulp and Paper, Rubber",,,"910000","Model 2","4",,,,"470000","Model 2","3",
"NYSE","BG","Bunge Limited","72.49","$10.19B","2001","Consumer Non-Durables","Packaged Foods","http://www.nasdaq.com/symbol/bg",1,0,0,1,1,0,0,0,2012,2407,,"BMG169621056","Forest and Paper Products - Forestry, Timber, Pulp and Paper, Rubber","1810000","CSR Report",,,,,"1670000","CSR Report",,,,
"NYSE","BG","Bunge Limited","72.49","$10.19B","2001","Consumer Non-Durables","Packaged Foods","http://www.nasdaq.com/symbol/bg",1,0,0,1,1,0,0,0,2013,2407,"12/31/2013 12:00:00 AM","BMG169621056","Forest and Paper Products - Forestry, Timber, Pulp and Paper, Rubber","1337968","CDP Response",,,,,"1417642","CDP Response",,,,
"NYSE","BG","Bunge Limited","72.49","$10.19B","2001","Consumer Non-Durables","Packaged Foods","http://www.nasdaq.com/symbol/bg",1,0,0,1,1,0,0,0,2011,2407,,"BMG169621056","Forest and Paper Products - Forestry, Timber, Pulp and Paper, Rubber","1500000","CSR Report",,,,,"1300000","CSR Report",,,,
"NasDaq","AAL","American Airlines Group, Inc.","52.7","$25.3B","n/a","Transportation","Air Freight/Delivery Services","http://www.nasdaq.com/symbol/aal",1,0,0,0,1,0,1,0,2013,660,"12/31/2013 12:00:00 AM","US02376R1023","Air Transportation - Airlines","27639750","CDP Response",,,,,"409700","CDP Response",,,,
"NasDaq","AAL","American Airlines Group, Inc.","52.7","$25.3B","n/a","Transportation","Air Freight/Delivery Services","http://www.nasdaq.com/symbol/aal",1,0,0,0,1,0,1,0,2012,660,"12/31/2012 12:00:00 AM","US02376R1023","Air Transportation - Airlines","26715000","CDP Response",,,,,"462000","CDP Response",,,,
"NasDaq","AAL","American Airlines Group, Inc.","52.7","$25.3B","n/a","Transportation","Air Freight/Delivery Services","http://www.nasdaq.com/symbol/aal",1,0,0,0,1,0,1,0,2011,660,"12/31/2011 12:00:00 AM","US02376R1023","Air Transportation - Airlines","26851000","CDP Response",,,,,"463300","CDP Response",,,,
"NasDaq","COST","Costco Wholesale Corporation","159.85","$69.89B","n/a","Consumer Services","Department/Specialty Retail Stores","http://www.nasdaq.com/symbol/cost",1,0,0,0,1,1,1,0,2012,3944,"12/31/2012 12:00:00 AM","US22160K1051","Food & Staples Retailing","391848","Company Submitted Data",,,,,"1168576","Company Submitted Data",,,,
"NasDaq","COST","Costco Wholesale Corporation","159.85","$69.89B","n/a","Consumer Services","Department/Specialty Retail Stores","http://www.nasdaq.com/symbol/cost",1,0,0,0,1,1,1,0,2011,3944,,"US22160K1051","Food & Staples Retailing","381867","Company Submitted Data",,,,,"1168576","Company Submitted Data",,,,
"NasDaq","COST","Costco Wholesale Corporation","159.85","$69.89B","n/a","Consumer Services","Department/Specialty Retail Stores","http://www.nasdaq.com/symbol/cost",1,0,0,0,1,1,1,0,2013,3944,"12/31/2013 12:00:00 AM","US22160K1051","Food & Staples Retailing","429980","Company Submitted Data",,,,,"1233973","Company Submitted Data",,,,
"NasDaq","HA","Hawaiian Holdings, Inc.","37.95","$2.03B","n/a","Transportation","Air Freight/Delivery Services","http://www.nasdaq.com/symbol/ha",1,0,0,0,1,0,0,0,2011,22460,,"US4198791018","Air Transportation - Airlines",,,"1600000","Model 3","5",,,,"5000","Model 3","3",
"NasDaq","HA","Hawaiian Holdings, Inc.","37.95","$2.03B","n/a","Transportation","Air Freight/Delivery Services","http://www.nasdaq.com/symbol/ha",1,0,0,0,1,0,0,0,2012,22460,,"US4198791018","Air Transportation - Airlines",,,"1800000","Model 3","5",,,,"4900","Model 3","3",
"NasDaq","HA","Hawaiian Holdings, Inc.","37.95","$2.03B","n/a","Transportation","Air Freight/Delivery Services","http://www.nasdaq.com/symbol/ha",1,0,0,0,1,0,0,0,2013,22460,,"US4198791018","Air Transportation - Airlines",,,"2000000","Model 3","5",,,,"5700","Model 3","3",
"NasDaq","JBLU","JetBlue Airways Corporation","20.37","$6.7B","2002","Transportation","Air Freight/Delivery Services","http://www.nasdaq.com/symbol/jblu",1,0,0,0,1,0,1,0,2011,9759,,"US4771431016","Air Transportation - Airlines","5020000","CSR Report",,,,,,,"18000","Model 3","3",
"NasDaq","JBLU","JetBlue Airways Corporation","20.37","$6.7B","2002","Transportation","Air Freight/Delivery Services","http://www.nasdaq.com/symbol/jblu",1,0,0,0,1,0,1,0,2013,9759,,"US4771431016","Air Transportation - Airlines","5962554.2","CSR Report",,,,,"26283","CSR Report",,,,
"NasDaq","JBLU","JetBlue Airways Corporation","20.37","$6.7B","2002","Transportation","Air Freight/Delivery Services","http://www.nasdaq.com/symbol/jblu",1,0,0,0,1,0,1,0,2012,9759,,"US4771431016","Air Transportation - Airlines","5400000","CSR Report",,,,,"28700","CSR Report",,,,
"NasDaq","MDLZ","Mondelez International, Inc.","41.68","$62.84B","n/a","Consumer Non-Durables","Packaged Foods","http://www.nasdaq.com/symbol/mdlz",1,0,0,1,1,1,1,0,2011,42037,,"US6092071058","Food & Beverage Processing",,,"2200000","Model 2","3",,,,"2300000","Model 2","4",
"NasDaq","MDLZ","Mondelez International, Inc.","41.68","$62.84B","n/a","Consumer Non-Durables","Packaged Foods","http://www.nasdaq.com/symbol/mdlz",1,0,0,1,1,1,1,0,2012,42037,"12/31/2012 12:00:00 AM","US6092071058","Food & Beverage Processing","1075761","CDP Response",,,,,"954755","CDP Response",,,,
"NasDaq","MDLZ","Mondelez International, Inc.","41.68","$62.84B","n/a","Consumer Non-Durables","Packaged Foods","http://www.nasdaq.com/symbol/mdlz",1,0,0,1,1,1,1,0,2013,42037,"12/31/2013 12:00:00 AM","US6092071058","Food & Beverage Processing","1080025","CDP Response",,,,,"988185","CDP Response",,,,
"NasDaq","PCAR","PACCAR Inc.","72.69","$25.54B","n/a","Capital Goods","Auto Manufacturing","http://www.nasdaq.com/symbol/pcar",1,0,0,0,1,1,1,0,2013,14169,"12/31/2013 12:00:00 AM","US6937181088","Electrical Equipment and Machinery","103201","CDP Response",,,,,"167474","CDP Response",,,,
"NasDaq","PCAR","PACCAR Inc.","72.69","$25.54B","n/a","Capital Goods","Auto Manufacturing","http://www.nasdaq.com/symbol/pcar",1,0,0,0,1,1,1,0,2011,14169,"12/31/2011 12:00:00 AM","US6937181088","Electrical Equipment and Machinery","58367","CDP Response",,,,,"146895","CDP Response",,,,
"NasDaq","PCAR","PACCAR Inc.","72.69","$25.54B","n/a","Capital Goods","Auto Manufacturing","http://www.nasdaq.com/symbol/pcar",1,0,0,0,1,1,1,0,2012,14169,"12/31/2012 12:00:00 AM","US6937181088","Electrical Equipment and Machinery","60923","CDP Response",,,,,"152017","CDP Response",,,,
"NasDaq","SKYW","SkyWest, Inc.","46.65","$2.42B","1986","Transportation","Air Freight/Delivery Services","http://www.nasdaq.com/symbol/skyw",1,0,0,0,1,0,1,0,2011,22433,,"US8308791024","Air Transportation - Airlines",,,"3500000","Model 3","5",,,,"14000","Model 3","3",
"NasDaq","SKYW","SkyWest, Inc.","46.65","$2.42B","1986","Transportation","Air Freight/Delivery Services","http://www.nasdaq.com/symbol/skyw",1,0,0,0,1,0,1,0,2012,22433,,"US8308791024","Air Transportation - Airlines",,,"3300000","Model 3","5",,,,"11000","Model 3","3",
"NasDaq","SKYW","SkyWest, Inc.","46.65","$2.42B","1986","Transportation","Air Freight/Delivery Services","http://www.nasdaq.com/symbol/skyw",1,0,0,0,1,0,1,0,2013,22433,,"US8308791024","Air Transportation - Airlines",,,"3100000","Model 3","5",,,,"9800","Model 3","3",
"NasDaq","GT","The Goodyear Tire & Rubber Company","33.01","$8.31B","n/a","Consumer Durables","Automotive Aftermarket","http://www.nasdaq.com/symbol/gt",1,0,0,1,1,0,1,0,2011,7619,"12/31/2011 12:00:00 AM","US3825501014","Tires","1420000","CDP Response",,,,,"1980000","CDP Response",,,,
"NasDaq","GT","The Goodyear Tire & Rubber Company","33.01","$8.31B","n/a","Consumer Durables","Automotive Aftermarket","http://www.nasdaq.com/symbol/gt",1,0,0,1,1,0,1,0,2013,7619,"12/31/2013 12:00:00 AM","US3825501014","Tires","1226653","CDP Response",,,,,"1895713","CDP Response",,,,
"NasDaq","GT","The Goodyear Tire & Rubber Company","33.01","$8.31B","n/a","Consumer Durables","Automotive Aftermarket","http://www.nasdaq.com/symbol/gt",1,0,0,1,1,0,1,0,2012,7619,"12/31/2012 12:00:00 AM","US3825501014","Tires","1229586","CDP Response",,,,,"1680202","CDP Response",,,,
"NasDaq","UFPI","Universal Forest Products, Inc.","99.96","$2.04B","1993","Basic Industries","Forest Products","http://www.nasdaq.com/symbol/ufpi",1,0,0,0,1,0,0,0,2013,55092,,"US9135431040","Building Products",,,"120000","Model 2","3",,,,"130000","Model 2","4",
"NasDaq","UFPI","Universal Forest Products, Inc.","99.96","$2.04B","1993","Basic Industries","Forest Products","http://www.nasdaq.com/symbol/ufpi",1,0,0,0,1,0,0,0,2012,55092,,"US9135431040","Building Products",,,"120000","Model 2","2",,,,"120000","Model 2","3",
"NasDaq","UFPI","Universal Forest Products, Inc.","99.96","$2.04B","1993","Basic Industries","Forest Products","http://www.nasdaq.com/symbol/ufpi",1,0,0,0,1,0,0,0,2011,55092,,"US9135431040","Building Products",,,"81000","Model 2","2",,,,"92000","Model 2","3",
"NYSE","HON","Honeywell International Inc.","143.37","$109.04B","n/a","Capital Goods","Auto Parts:O.E.M.","http://www.nasdaq.com/symbol/hon",1,0,0,1,1,1,1,0,2011,8553,"12/31/2011 12:00:00 AM","US4385161066","Aerospace & Defense","5931000","CDP Response",,,,,"2274000","CDP Response",,,,
"NYSE","HON","Honeywell International Inc.","143.37","$109.04B","n/a","Capital Goods","Auto Parts:O.E.M.","http://www.nasdaq.com/symbol/hon",1,0,0,1,1,1,1,0,2013,8553,"12/31/2013 12:00:00 AM","US4385161066","Aerospace & Defense","4346781","CDP Response",,,,,"1760651","CDP Response",,,,
"NYSE","HON","Honeywell International Inc.","143.37","$109.04B","n/a","Capital Goods","Auto Parts:O.E.M.","http://www.nasdaq.com/symbol/hon",1,0,0,1,1,1,1,0,2012,8553,"12/31/2012 12:00:00 AM","US4385161066","Aerospace & Defense","5532844","CDP Response",,,,,"1756275","CDP Response",,,,
"NYSE","AA","Alcoa Corporation","47.71","$8.79B","2016","Basic Industries","Aluminum","http://www.nasdaq.com/symbol/aa",1,0,0,0,1,0,1,0,2012,511,"12/31/2012 12:00:00 AM","US0138171014","Mining - Iron, Aluminum, Other Metals","29842159","CDP Response",,,,,"16659736","CDP Response",,,,
"NYSE","AA","Alcoa Corporation","47.71","$8.79B","2016","Basic Industries","Aluminum","http://www.nasdaq.com/symbol/aa",1,0,0,0,1,0,1,0,2013,511,"12/31/2013 12:00:00 AM","US0138171014","Mining - Iron, Aluminum, Other Metals","28227078","CDP Response",,,,,"15134829","CDP Response",,,,
"NYSE","AA","Alcoa Corporation","47.71","$8.79B","2016","Basic Industries","Aluminum","http://www.nasdaq.com/symbol/aa",1,0,0,0,1,0,1,0,2011,511,"12/31/2011 12:00:00 AM","US0138171014","Mining - Iron, Aluminum, Other Metals","30628104","CDP Response",,,,,"16626602","CDP Response",,,,
"NYSE","ADM","Archer-Daniels-Midland Company","44","$24.75B","n/a","Consumer Non-Durables","Packaged Foods","http://www.nasdaq.com/symbol/adm",1,0,0,1,1,1,1,0,2011,912,"12/31/2011 12:00:00 AM","US0394831020","Forest and Paper Products - Forestry, Timber, Pulp and Paper, Rubber","14809727","CDP Response",,,,,"3852992","CDP Response",,,,
"NYSE","ADM","Archer-Daniels-Midland Company","44","$24.75B","n/a","Consumer Non-Durables","Packaged Foods","http://www.nasdaq.com/symbol/adm",1,0,0,1,1,1,1,0,2013,912,"12/31/2013 12:00:00 AM","US0394831020","Forest and Paper Products - Forestry, Timber, Pulp and Paper, Rubber","14832646","CDP Response",,,,,"2820056","CDP Response",,,,
"NYSE","ADM","Archer-Daniels-Midland Company","44","$24.75B","n/a","Consumer Non-Durables","Packaged Foods","http://www.nasdaq.com/symbol/adm",1,0,0,1,1,1,1,0,2012,912,"12/31/2012 12:00:00 AM","US0394831020","Forest and Paper Products - Forestry, Timber, Pulp and Paper, Rubber","15431577","CDP Response",,,,,"3885465","CDP Response",,,,
"NYSE","ALB","Albemarle Corporation","138.94","$15.35B","n/a","Basic Industries","Major Chemicals","http://www.nasdaq.com/symbol/alb",1,0,0,0,1,0,0,0,2011,40180,,"US0126531013","Chemicals","706000","CSR Report",,,,,"379000","CSR Report",,,,
"NYSE","ALB","Albemarle Corporation","138.94","$15.35B","n/a","Basic Industries","Major Chemicals","http://www.nasdaq.com/symbol/alb",1,0,0,0,1,0,0,0,2013,40180,,"US0126531013","Chemicals","747000","CSR Report",,,,,"393000","CSR Report",,,,
"NYSE","ALB","Albemarle Corporation","138.94","$15.35B","n/a","Basic Industries","Major Chemicals","http://www.nasdaq.com/symbol/alb",1,0,0,0,1,0,0,0,2012,40180,,"US0126531013","Chemicals","752000","CSR Report",,,,,"376000","CSR Report",,,,
"NYSE","ALK","Alaska Air Group, Inc.","80.96","$10B","n/a","Transportation","Air Freight/Delivery Services","http://www.nasdaq.com/symbol/alk",1,0,0,0,1,0,1,0,2013,31585,,"US0116591092","Air Transportation - Airlines","4324100.1","CSR Report",,,,,"12700","CSR Report",,,,
"NYSE","ALK","Alaska Air Group, Inc.","80.96","$10B","n/a","Transportation","Air Freight/Delivery Services","http://www.nasdaq.com/symbol/alk",1,0,0,0,1,0,1,0,2012,31585,,"US0116591092","Air Transportation - Airlines","4070000","CSR Report",,,,,"13100","CSR Report",,,,
"NYSE","ALK","Alaska Air Group, Inc.","80.96","$10B","n/a","Transportation","Air Freight/Delivery Services","http://www.nasdaq.com/symbol/alk",1,0,0,0,1,0,1,0,2011,31585,,"US0116591092","Air Transportation - Airlines","3880021","Company Submitted Data",,,,,"12855","Company Submitted Data",,,,
"NYSE","APD","Air Products and Chemicals, Inc.","153.46","$33.45B","n/a","Basic Industries","Major Chemicals","http://www.nasdaq.com/symbol/apd",1,0,0,0,1,1,1,0,2012,435,"12/31/2012 12:00:00 AM","US0091581068","Chemicals","14767209","CDP Response",,,,,"10563030","CDP Response",,,,
"NYSE","APD","Air Products and Chemicals, Inc.","153.46","$33.45B","n/a","Basic Industries","Major Chemicals","http://www.nasdaq.com/symbol/apd",1,0,0,0,1,1,1,0,2013,435,"12/31/2013 12:00:00 AM","US0091581068","Chemicals","14972268","CDP Response",,,,,"10853989","CDP Response",,,,
"NYSE","APD","Air Products and Chemicals, Inc.","153.46","$33.45B","n/a","Basic Industries","Major Chemicals","http://www.nasdaq.com/symbol/apd",1,0,0,0,1,1,1,0,2011,435,"12/31/2011 12:00:00 AM","US0091581068","Chemicals","14440000","CDP Response",,,,,"9878817","CDP Response",,,,
"NYSE","ASH","Ashland Global Holdings Inc.","66.46","$4.15B","n/a","Consumer Durables","Specialty Chemicals","http://www.nasdaq.com/symbol/ash",1,0,0,1,1,0,1,0,2012,1017,"12/31/2012 12:00:00 AM","US0442091049","Chemicals","720000","CDP Response",,,,,"460000","CDP Response",,,,
"NYSE","ASH","Ashland Global Holdings Inc.","66.46","$4.15B","n/a","Consumer Durables","Specialty Chemicals","http://www.nasdaq.com/symbol/ash",1,0,0,1,1,0,1,0,2011,1017,"12/31/2011 12:00:00 AM","US0442091049","Chemicals","740000","CDP Response",,,,,"520000","CDP Response",,,,
"NYSE","ASH","Ashland Global Holdings Inc.","66.46","$4.15B","n/a","Consumer Durables","Specialty Chemicals","http://www.nasdaq.com/symbol/ash",1,0,0,1,1,0,1,0,2013,1017,"12/31/2013 12:00:00 AM","US0442091049","Chemicals","610000","CDP Response",,,,,"500000","CDP Response",,,,
"NYSE","BA","Boeing Company (The)","260.74","$154.12B","n/a","Capital Goods","Aerospace","http://www.nasdaq.com/symbol/ba",1,0,0,0,1,1,1,0,2011,2017,"12/31/2011 12:00:00 AM","US0970231058","Aerospace & Defense","718000","CDP Response",,,,,"1075000","CDP Response",,,,
"NYSE","BA","Boeing Company (The)","260.74","$154.12B","n/a","Capital Goods","Aerospace","http://www.nasdaq.com/symbol/ba",1,0,0,0,1,1,1,0,2012,2017,"12/31/2012 12:00:00 AM","US0970231058","Aerospace & Defense","576000","CDP Response",,,,,"998000","CDP Response",,,,
"NYSE","BA","Boeing Company (The)","260.74","$154.12B","n/a","Capital Goods","Aerospace","http://www.nasdaq.com/symbol/ba",1,0,0,0,1,1,1,0,2013,2017,"12/31/2013 12:00:00 AM","US0970231058","Aerospace & Defense","610000","CDP Response",,,,,"1026000","CDP Response",,,,
"NYSE","CAG","ConAgra Brands, Inc.","34.33","$14.02B","n/a","Consumer Non-Durables","Packaged Foods","http://www.nasdaq.com/symbol/cag",1,0,0,1,1,0,1,0,2012,3732,"05/26/2013 12:00:00 AM","US2058871029","Food & Beverage Processing","1071303","CDP Response",,,,,"1089063","CDP Response",,,,
"NYSE","CAG","ConAgra Brands, Inc.","34.33","$14.02B","n/a","Consumer Non-Durables","Packaged Foods","http://www.nasdaq.com/symbol/cag",1,0,0,1,1,0,1,0,2013,3732,"05/26/2014 12:00:00 AM","US2058871029","Food & Beverage Processing","1078551","CDP Response",,,,,"1078707","CDP Response",,,,
"NYSE","CAG","ConAgra Brands, Inc.","34.33","$14.02B","n/a","Consumer Non-Durables","Packaged Foods","http://www.nasdaq.com/symbol/cag",1,0,0,1,1,0,1,0,2011,3732,"05/27/2012 12:00:00 AM","US2058871029","Food & Beverage Processing","909671","CDP Response",,,,,"1002250","CDP Response",,,,
"NYSE","CAT","Caterpillar, Inc.","130.71","$77.25B","n/a","Capital Goods","Construction/Ag Equipment/Trucks","http://www.nasdaq.com/symbol/cat",1,0,0,0,1,1,1,0,2013,2918,,"US1491231015","Electrical Equipment and Machinery","1020000","CSR Report",,,,,"1450000","CSR Report",,,,
"NYSE","CAT","Caterpillar, Inc.","130.71","$77.25B","n/a","Capital Goods","Construction/Ag Equipment/Trucks","http://www.nasdaq.com/symbol/cat",1,0,0,0,1,1,1,0,2012,2918,,"US1491231015","Electrical Equipment and Machinery","839000","CSR Report",,,,,"1670000","CSR Report",,,,
"NYSE","CAT","Caterpillar, Inc.","130.71","$77.25B","n/a","Capital Goods","Construction/Ag Equipment/Trucks","http://www.nasdaq.com/symbol/cat",1,0,0,0,1,1,1,0,2011,2918,,"US1491231015","Electrical Equipment and Machinery",,,"500000","Model 2","2",,,,"1400000","Model 2","2",
"NYSE","CBT","Cabot Corporation","58.73","$3.65B","n/a","Basic Industries","Major Chemicals","http://www.nasdaq.com/symbol/cbt",1,0,0,0,1,0,0,0,2011,2555,"12/31/2011 12:00:00 AM","US1270551013","Chemicals","3840000","CDP Response",,,,,"290000","CDP Response",,,,
"NYSE","CBT","Cabot Corporation","58.73","$3.65B","n/a","Basic Industries","Major Chemicals","http://www.nasdaq.com/symbol/cbt",1,0,0,0,1,0,0,0,2013,2555,"12/31/2013 12:00:00 AM","US1270551013","Chemicals","4100000","CDP Response",,,,,"335000","CDP Response",,,,
"NYSE","CBT","Cabot Corporation","58.73","$3.65B","n/a","Basic Industries","Major Chemicals","http://www.nasdaq.com/symbol/cbt",1,0,0,0,1,0,0,0,2012,2555,"12/31/2012 12:00:00 AM","US1270551013","Chemicals","3880000","CDP Response",,,,,"320000","CDP Response",,,,
"NYSE","CCE","Coca-Cola European Partners plc","41.89","$20.29B","2016","Consumer Non-Durables","Beverages (Production/Distribution)","http://www.nasdaq.com/symbol/cce",1,0,0,1,1,0,0,0,2012,3565,"12/31/2012 12:00:00 AM","US19122T1097","Food & Beverage Processing","124399","CDP Response",,,,,"89882","CDP Response",,,,
"NYSE","CCE","Coca-Cola European Partners plc","41.89","$20.29B","2016","Consumer Non-Durables","Beverages (Production/Distribution)","http://www.nasdaq.com/symbol/cce",1,0,0,1,1,0,0,0,2011,3565,"12/31/2011 12:00:00 AM","US19122T1097","Food & Beverage Processing","127684","CDP Response",,,,,"94062","CDP Response",,,,
"NYSE","CCE","Coca-Cola European Partners plc","41.89","$20.29B","2016","Consumer Non-Durables","Beverages (Production/Distribution)","http://www.nasdaq.com/symbol/cce",1,0,0,1,1,0,0,0,2013,3565,"12/31/2013 12:00:00 AM","US19122T1097","Food & Beverage Processing","112225","CDP Response",,,,,"82356","CDP Response",,,,
"NYSE","CE","Celanese Corporation","107.35","$14.76B","2005","Basic Industries","Major Chemicals","http://www.nasdaq.com/symbol/ce",1,0,0,0,1,0,1,0,2011,28949,"12/31/2011 12:00:00 AM","US1508701034","Chemicals",,,"470000","Model 2","2",,,,"480000","Model 2","2",
"NYSE","CE","Celanese Corporation","107.35","$14.76B","2005","Basic Industries","Major Chemicals","http://www.nasdaq.com/symbol/ce",1,0,0,0,1,0,1,0,2012,28949,,"US1508701034","Chemicals",,,"420000","Model 2","2",,,,"400000","Model 2","2",
"NYSE","CE","Celanese Corporation","107.35","$14.76B","2005","Basic Industries","Major Chemicals","http://www.nasdaq.com/symbol/ce",1,0,0,0,1,0,1,0,2013,28949,,"US1508701034","Chemicals",,,"420000","Model 2","2",,,,"360000","Model 2","3",
"NYSE","CF","CF Industries Holdings, Inc.","36.8","$8.58B","2005","Basic Industries","Agricultural Chemicals","http://www.nasdaq.com/symbol/cf",1,0,0,0,1,0,0,0,2013,22882,,"US1252691001","Chemicals",,,"1200000","Model 2","3",,,,"920000","Model 2","0",
"NYSE","CF","CF Industries Holdings, Inc.","36.8","$8.58B","2005","Basic Industries","Agricultural Chemicals","http://www.nasdaq.com/symbol/cf",1,0,0,0,1,0,0,0,2011,22882,,"US1252691001","Chemicals",,,"1100000","Model 2","3",,,,"1100000","Model 2","0",
"NYSE","CF","CF Industries Holdings, Inc.","36.8","$8.58B","2005","Basic Industries","Agricultural Chemicals","http://www.nasdaq.com/symbol/cf",1,0,0,0,1,0,0,0,2012,22882,,"US1252691001","Chemicals",,,"1200000","Model 2","3",,,,"1000000","Model 2","0",
"NYSE","CLF","Cleveland-Cliffs Inc.","7.57","$2.24B","n/a","Basic Industries","Precious Metals","http://www.nasdaq.com/symbol/clf",1,0,0,0,1,0,0,0,2013,22408,"12/31/2013 12:00:00 AM","US18683K1016","Mining - Iron, Aluminum, Other Metals","6026261.25","CDP Response",,,,,"3287158.73","CDP Response",,,,
"NYSE","CLF","Cleveland-Cliffs Inc.","7.57","$2.24B","n/a","Basic Industries","Precious Metals","http://www.nasdaq.com/symbol/clf",1,0,0,0,1,0,0,0,2012,22408,"12/31/2012 12:00:00 AM","US18683K1016","Mining - Iron, Aluminum, Other Metals","5461737","CDP Response",,,,,"3280636","CDP Response",,,,
"NYSE","CLF","Cleveland-Cliffs Inc.","7.57","$2.24B","n/a","Basic Industries","Precious Metals","http://www.nasdaq.com/symbol/clf",1,0,0,0,1,0,0,0,2011,22408,"12/31/2011 12:00:00 AM","US18683K1016","Mining - Iron, Aluminum, Other Metals","5952990","CDP Response",,,,,"3787076","CDP Response",,,,
"NYSE","CLW","Clearwater Paper Corporation","44.4","$729.64M","n/a","Basic Industries","Paper","http://www.nasdaq.com/symbol/clw",1,0,0,0,1,0,0,0,2013,38544,,"US18538R1032","Forest and Paper Products - Forestry, Timber, Pulp and Paper, Rubber",,,"480000","Model 2","4",,,,"270000","Model 2","3",
"NYSE","CLW","Clearwater Paper Corporation","44.4","$729.64M","n/a","Basic Industries","Paper","http://www.nasdaq.com/symbol/clw",1,0,0,0,1,0,0,0,2012,38544,,"US18538R1032","Forest and Paper Products - Forestry, Timber, Pulp and Paper, Rubber",,,"550000","Model 2","4",,,,"230000","Model 2","3",
"NYSE","CLW","Clearwater Paper Corporation","44.4","$729.64M","n/a","Basic Industries","Paper","http://www.nasdaq.com/symbol/clw",1,0,0,0,1,0,0,0,2011,38544,,"US18538R1032","Forest and Paper Products - Forestry, Timber, Pulp and Paper, Rubber",,,"570000","Model 2","5",,,,"250000","Model 2","4",
"NYSE","CMI","Cummins Inc.","172.62","$28.93B","n/a","Energy","Industrial Machinery/Components","http://www.nasdaq.com/symbol/cmi",1,0,0,1,1,1,1,0,2012,4136,"12/31/2012 12:00:00 AM","US2310211063","Electrical Equipment and Machinery","232052","CDP Response",,,,,"409890","CDP Response",,,,
"NYSE","CMI","Cummins Inc.","172.62","$28.93B","n/a","Energy","Industrial Machinery/Components","http://www.nasdaq.com/symbol/cmi",1,0,0,1,1,1,1,0,2011,4136,"12/31/2011 12:00:00 AM","US2310211063","Electrical Equipment and Machinery","227070","CDP Response",,,,,"434891","CDP Response",,,,
"NYSE","CMI","Cummins Inc.","172.62","$28.93B","n/a","Energy","Industrial Machinery/Components","http://www.nasdaq.com/symbol/cmi",1,0,0,1,1,1,1,0,2013,4136,"12/31/2013 12:00:00 AM","US2310211063","Electrical Equipment and Machinery","269130","CDP Response",,,,,"530453","CDP Response",,,,
"NYSE","DAL","Delta Air Lines, Inc.","53.96","$38.47B","n/a","Transportation","Air Freight/Delivery Services","http://www.nasdaq.com/symbol/dal",1,0,0,0,1,0,1,0,2011,4408,"12/31/2011 12:00:00 AM","US2473617023","Air Transportation - Airlines","31932076.39","Company Submitted Data",,,,,"416585.02","Company Submitted Data",,,,
"NYSE","DAL","Delta Air Lines, Inc.","53.96","$38.47B","n/a","Transportation","Air Freight/Delivery Services","http://www.nasdaq.com/symbol/dal",1,0,0,0,1,0,1,0,2012,4408,"12/31/2012 12:00:00 AM","US2473617023","Air Transportation - Airlines","30994534.87","CDP Response",,,,,"368830.6","Company Submitted Data",,,,
"NYSE","DAL","Delta Air Lines, Inc.","53.96","$38.47B","n/a","Transportation","Air Freight/Delivery Services","http://www.nasdaq.com/symbol/dal",1,0,0,0,1,0,1,0,2013,4408,"12/31/2013 12:00:00 AM","US2473617023","Air Transportation - Airlines","32143942.81","Company Submitted Data",,,,,"341123.1","Company Submitted Data",,,,
"NYSE","DE","Deere & Company","127.91","$41.1B","n/a","Capital Goods","Industrial Machinery/Components","http://www.nasdaq.com/symbol/de",1,0,0,1,1,1,1,0,2013,4365,"10/31/2013 12:00:00 AM","US2441991054","Electrical Equipment and Machinery","460808.29","CDP Response",,,,,"1073059.05","CDP Response",,,,
"NYSE","DE","Deere & Company","127.91","$41.1B","n/a","Capital Goods","Industrial Machinery/Components","http://www.nasdaq.com/symbol/de",1,0,0,1,1,1,1,0,2012,4365,"12/31/2012 12:00:00 AM","US2441991054","Electrical Equipment and Machinery","440147","CDP Response",,,,,"1053446","CDP Response",,,,
"NYSE","DE","Deere & Company","127.91","$41.1B","n/a","Capital Goods","Industrial Machinery/Components","http://www.nasdaq.com/symbol/de",1,0,0,1,1,1,1,0,2011,4365,"12/31/2011 12:00:00 AM","US2441991054","Electrical Equipment and Machinery","420019","CDP Response",,,,,"1041067","CDP Response",,,,
"NYSE","DPS","Dr Pepper Snapple Group, Inc","89.25","$16.22B","n/a","Consumer Non-Durables","Beverages (Production/Distribution)","http://www.nasdaq.com/symbol/dps",1,0,0,0,1,0,1,0,2011,4895,"12/31/2011 12:00:00 AM","US26138E1091","Food & Beverage Processing","246801","CDP Response",,,,,"169025","CDP Response",,,,
"NYSE","DPS","Dr Pepper Snapple Group, Inc","89.25","$16.22B","n/a","Consumer Non-Durables","Beverages (Production/Distribution)","http://www.nasdaq.com/symbol/dps",1,0,0,0,1,0,1,0,2012,4895,"12/31/2012 12:00:00 AM","US26138E1091","Food & Beverage Processing","252616","CDP Response",,,,,"159917","CDP Response",,,,
"NYSE","DPS","Dr Pepper Snapple Group, Inc","89.25","$16.22B","n/a","Consumer Non-Durables","Beverages (Production/Distribution)","http://www.nasdaq.com/symbol/dps",1,0,0,0,1,0,1,0,2013,4895,"12/31/2013 12:00:00 AM","US26138E1091","Food & Beverage Processing","249446","CDP Response",,,,,"160649","CDP Response",,,,
"NYSE","ECL","Ecolab Inc.","134.09","$38.8B","n/a","Basic Industries","Package Goods/Cosmetics","http://www.nasdaq.com/symbol/ecl",1,0,0,1,1,1,1,0,2011,5154,"12/31/2011 12:00:00 AM","US2788651006","Chemicals","189202","CDP Response",,,,,"88525","CDP Response",,,,
"NYSE","ECL","Ecolab Inc.","134.09","$38.8B","n/a","Basic Industries","Package Goods/Cosmetics","http://www.nasdaq.com/symbol/ecl",1,0,0,1,1,1,1,0,2012,5154,"12/31/2012 12:00:00 AM","US2788651006","Chemicals","336258","CDP Response",,,,,"199296","CDP Response",,,,
"NYSE","ECL","Ecolab Inc.","134.09","$38.8B","n/a","Basic Industries","Package Goods/Cosmetics","http://www.nasdaq.com/symbol/ecl",1,0,0,1,1,1,1,0,2013,5154,"12/31/2013 12:00:00 AM","US2788651006","Chemicals","396424","CDP Response",,,,,"233406","CDP Response",,,,
"NYSE","EMN","Eastman Chemical Company","88.65","$12.84B","n/a","Basic Industries","Major Chemicals","http://www.nasdaq.com/symbol/emn",1,0,0,1,1,0,1,0,2012,5169,"12/31/2012 12:00:00 AM","US2774321002","Chemicals","6440000","CDP Response",,,,,"301000","CDP Response",,,,
"NYSE","EMN","Eastman Chemical Company","88.65","$12.84B","n/a","Basic Industries","Major Chemicals","http://www.nasdaq.com/symbol/emn",1,0,0,1,1,0,1,0,2013,5169,"12/31/2013 12:00:00 AM","US2774321002","Chemicals","6190000","CDP Response",,,,,"760000","CDP Response",,,,
"NYSE","EMN","Eastman Chemical Company","88.65","$12.84B","n/a","Basic Industries","Major Chemicals","http://www.nasdaq.com/symbol/emn",1,0,0,1,1,0,1,0,2011,5169,,"US2774321002","Chemicals",,,"2300000","Model 2","4",,,,"970000","Model 2","4",
"NYSE","FCX","Freeport-McMoran, Inc.","14.75","$21.35B","n/a","Basic Industries","Precious Metals","http://www.nasdaq.com/symbol/fcx",1,0,0,1,1,1,1,0,2011,23228,"12/31/2011 12:00:00 AM","US35671D8570","Mining - Iron, Aluminum, Other Metals","5358795","CDP Response",,,,,"4582267","CDP Response",,,,
"NYSE","FCX","Freeport-McMoran, Inc.","14.75","$21.35B","n/a","Basic Industries","Precious Metals","http://www.nasdaq.com/symbol/fcx",1,0,0,1,1,1,1,0,2012,23228,"12/31/2012 12:00:00 AM","US35671D8570","Mining - Iron, Aluminum, Other Metals","5679367","CDP Response",,,,,"3985464","CDP Response",,,,
"NYSE","FCX","Freeport-McMoran, Inc.","14.75","$21.35B","n/a","Basic Industries","Precious Metals","http://www.nasdaq.com/symbol/fcx",1,0,0,1,1,1,1,0,2013,23228,"12/31/2013 12:00:00 AM","US35671D8570","Mining - Iron, Aluminum, Other Metals","5859810","CDP Response",,,,,"4321572","CDP Response",,,,
"NYSE","FDP","Fresh Del Monte Produce, Inc.","46.05","$2.31B","1997","Consumer Non-Durables","Farming/Seeds/Milling","http://www.nasdaq.com/symbol/fdp",1,0,0,0,1,0,0,0,2012,55137,,"KYG367381053","Forest and Paper Products - Forestry, Timber, Pulp and Paper, Rubber",,,"130000","Model 2","3",,,,"110000","Model 2","3",
"NYSE","FDP","Fresh Del Monte Produce, Inc.","46.05","$2.31B","1997","Consumer Non-Durables","Farming/Seeds/Milling","http://www.nasdaq.com/symbol/fdp",1,0,0,0,1,0,0,0,2013,55137,,"KYG367381053","Forest and Paper Products - Forestry, Timber, Pulp and Paper, Rubber",,,"160000","Model 2","2",,,,"130000","Model 2","2",
"NYSE","FDP","Fresh Del Monte Produce, Inc.","46.05","$2.31B","1997","Consumer Non-Durables","Farming/Seeds/Milling","http://www.nasdaq.com/symbol/fdp",1,0,0,0,1,0,0,0,2011,55137,,"KYG367381053","Forest and Paper Products - Forestry, Timber, Pulp and Paper, Rubber",,,"190000","Model 2","3",,,,"150000","Model 2","4",
"NYSE","GD","General Dynamics Corporation","213.34","$63.89B","n/a","Capital Goods","Marine Transportation","http://www.nasdaq.com/symbol/gd",1,0,0,0,1,1,1,0,2011,7147,,"US3695501086","Aerospace & Defense",,,"340000","Model 2","4",,,,"640000","Model 2","4",
"NYSE","GD","General Dynamics Corporation","213.34","$63.89B","n/a","Capital Goods","Marine Transportation","http://www.nasdaq.com/symbol/gd",1,0,0,0,1,1,1,0,2013,7147,,"US3695501086","Aerospace & Defense",,,"300000","Model 2","4",,,,"470000","Model 2","3",
"NYSE","GD","General Dynamics Corporation","213.34","$63.89B","n/a","Capital Goods","Marine Transportation","http://www.nasdaq.com/symbol/gd",1,0,0,0,1,1,1,0,2012,7147,,"US3695501086","Aerospace & Defense",,,"260000","Model 2","3",,,,"490000","Model 2","2",
"NYSE","GE","General Electric Company","22.98","$198.96B","n/a","Energy","Consumer Electronics/Appliances","http://www.nasdaq.com/symbol/ge",1,0,0,1,1,1,0,0,2011,7166,"12/31/2011 12:00:00 AM","US3696041033","Electrical Equipment and Machinery","2180000","CDP Response",,,,,"2910000","CDP Response",,,,
"NYSE","GE","General Electric Company","22.98","$198.96B","n/a","Energy","Consumer Electronics/Appliances","http://www.nasdaq.com/symbol/ge",1,0,0,1,1,1,0,0,2013,7166,"12/31/2013 12:00:00 AM","US3696041033","Electrical Equipment and Machinery","1946000","CDP Response",,,,,"3031000","CDP Response",,,,
"NYSE","GE","General Electric Company","22.98","$198.96B","n/a","Energy","Consumer Electronics/Appliances","http://www.nasdaq.com/symbol/ge",1,0,0,1,1,1,0,0,2012,7166,"12/31/2012 12:00:00 AM","US3696041033","Electrical Equipment and Machinery","1970000","CDP Response",,,,,"2905000","CDP Response",,,,
"NYSE","GIS","General Mills, Inc.","51.53","$29.29B","n/a","Consumer Non-Durables","Packaged Foods","http://www.nasdaq.com/symbol/gis",1,0,0,1,1,1,1,0,2011,7156,"05/31/2012 12:00:00 AM","US3703341046","Food & Beverage Processing","259400","CDP Response",,,,,"737000","CDP Response",,,,
"NYSE","GIS","General Mills, Inc.","51.53","$29.29B","n/a","Consumer Non-Durables","Packaged Foods","http://www.nasdaq.com/symbol/gis",1,0,0,1,1,1,1,0,2012,7156,"05/31/2013 12:00:00 AM","US3703341046","Food & Beverage Processing","291606","CDP Response",,,,,"771157","CDP Response",,,,
"NYSE","GIS","General Mills, Inc.","51.53","$29.29B","n/a","Consumer Non-Durables","Packaged Foods","http://www.nasdaq.com/symbol/gis",1,0,0,1,1,1,1,0,2013,7156,"05/31/2014 12:00:00 AM","US3703341046","Food & Beverage Processing","299921","CDP Response",,,,,"720189","CDP Response",,,,
"NYSE","LMT","Lockheed Martin Corporation","319.39","$91.98B","n/a","Capital Goods","Military/Government/Technical","http://www.nasdaq.com/symbol/lmt",1,0,0,1,1,1,1,0,2013,10820,"10/31/2013 12:00:00 AM","US5398301094","Aerospace & Defense","241148","CDP Response",,,,,"866684","CDP Response",,,,
"NYSE","LMT","Lockheed Martin Corporation","319.39","$91.98B","n/a","Capital Goods","Military/Government/Technical","http://www.nasdaq.com/symbol/lmt",1,0,0,1,1,1,1,0,2012,10820,"10/31/2012 12:00:00 AM","US5398301094","Aerospace & Defense","249491","CDP Response",,,,,"985006","CDP Response",,,,
"NYSE","LMT","Lockheed Martin Corporation","319.39","$91.98B","n/a","Capital Goods","Military/Government/Technical","http://www.nasdaq.com/symbol/lmt",1,0,0,1,1,1,1,0,2011,10820,"10/31/2011 12:00:00 AM","US5398301094","Aerospace & Defense","309529","CDP Response",,,,,"1011104","CDP Response",,,,
"NYSE","LPX","Louisiana-Pacific Corporation","28.32","$4.1B","n/a","Basic Industries","Forest Products","http://www.nasdaq.com/symbol/lpx",1,0,0,0,1,0,0,0,2011,10847,,"US5463471053","Forest and Paper Products - Forestry, Timber, Pulp and Paper, Rubber",,,"390000","Model 2","5",,,,"160000","Model 2","4",
"NYSE","LPX","Louisiana-Pacific Corporation","28.32","$4.1B","n/a","Basic Industries","Forest Products","http://www.nasdaq.com/symbol/lpx",1,0,0,0,1,0,0,0,2013,10847,,"US5463471053","Forest and Paper Products - Forestry, Timber, Pulp and Paper, Rubber",,,"540000","Model 2","4",,,,"300000","Model 2","3",
"NYSE","LPX","Louisiana-Pacific Corporation","28.32","$4.1B","n/a","Basic Industries","Forest Products","http://www.nasdaq.com/symbol/lpx",1,0,0,0,1,0,0,0,2012,10847,,"US5463471053","Forest and Paper Products - Forestry, Timber, Pulp and Paper, Rubber",,,"490000","Model 2","4",,,,"200000","Model 2","3",
"NYSE","LUV","Southwest Airlines Company","59.12","$35.39B","n/a","Transportation","Air Freight/Delivery Services","http://www.nasdaq.com/symbol/luv",1,0,0,0,1,0,1,0,2011,17420,"12/31/2011 12:00:00 AM","US8447411088","Air Transportation - Airlines","17417782","CDP Response",,,,,"42058","CDP Response",,,,
"NYSE","LUV","Southwest Airlines Company","59.12","$35.39B","n/a","Transportation","Air Freight/Delivery Services","http://www.nasdaq.com/symbol/luv",1,0,0,0,1,0,1,0,2012,17420,"12/31/2012 12:00:00 AM","US8447411088","Air Transportation - Airlines","18232474","CDP Response",,,,,"46783","CDP Response",,,,
"NYSE","LUV","Southwest Airlines Company","59.12","$35.39B","n/a","Transportation","Air Freight/Delivery Services","http://www.nasdaq.com/symbol/luv",1,0,0,0,1,0,1,0,2013,17420,"12/31/2013 12:00:00 AM","US8447411088","Air Transportation - Airlines","17949278","CDP Response",,,,,"47680","CDP Response",,,,
"NYSE","HUN","Huntsman Corporation","29.32","$7.8B","2005","Basic Industries","Major Chemicals","http://www.nasdaq.com/symbol/hun",1,0,0,0,1,0,1,0,2013,45116,,"US4470111075","Chemicals","2309907","Company Submitted Data",,,,,"1170010","Company Submitted Data",,,,
"NYSE","HUN","Huntsman Corporation","29.32","$7.8B","2005","Basic Industries","Major Chemicals","http://www.nasdaq.com/symbol/hun",1,0,0,0,1,0,1,0,2011,45116,,"US4470111075","Chemicals","2374632","Company Submitted Data",,,,,"1228183","Company Submitted Data",,,,
"NYSE","HUN","Huntsman Corporation","29.32","$7.8B","2005","Basic Industries","Major Chemicals","http://www.nasdaq.com/symbol/hun",1,0,0,0,1,0,1,0,2012,45116,,"US4470111075","Chemicals","2337665","Company Submitted Data",,,,,"1208055","Company Submitted Data",,,,
"NYSE","INGR","Ingredion Incorporated","124.25","$8.91B","n/a","Consumer Non-Durables","Packaged Foods","http://www.nasdaq.com/symbol/ingr",1,0,0,0,1,0,1,0,2011,3876,,"US4571871023","Forest and Paper Products - Forestry, Timber, Pulp and Paper, Rubber",,,"340000","Model 2","3",,,,"290000","Model 2","4",
"NYSE","INGR","Ingredion Incorporated","124.25","$8.91B","n/a","Consumer Non-Durables","Packaged Foods","http://www.nasdaq.com/symbol/ingr",1,0,0,0,1,0,1,0,2012,3876,,"US4571871023","Forest and Paper Products - Forestry, Timber, Pulp and Paper, Rubber",,,"270000","Model 2","3",,,,"240000","Model 2","3",
"NYSE","INGR","Ingredion Incorporated","124.25","$8.91B","n/a","Consumer Non-Durables","Packaged Foods","http://www.nasdaq.com/symbol/ingr",1,0,0,0,1,0,1,0,2013,3876,,"US4571871023","Forest and Paper Products - Forestry, Timber, Pulp and Paper, Rubber",,,"270000","Model 2","2",,,,"210000","Model 2","2",
"NYSE","IP","International Paper Company","57.45","$23.72B","n/a","Basic Industries","Paper","http://www.nasdaq.com/symbol/ip",1,0,0,0,1,0,1,0,2012,9352,"12/31/2012 12:00:00 AM","US4601461035","Forest and Paper Products - Forestry, Timber, Pulp and Paper, Rubber","8500000","CDP Response",,,,,"5100000","CDP Response",,,,
"NYSE","IP","International Paper Company","57.45","$23.72B","n/a","Basic Industries","Paper","http://www.nasdaq.com/symbol/ip",1,0,0,0,1,0,1,0,2013,9352,"12/31/2013 12:00:00 AM","US4601461035","Forest and Paper Products - Forestry, Timber, Pulp and Paper, Rubber","10100000","CDP Response",,,,,"5660000","CDP Response",,,,
"NYSE","IP","International Paper Company","57.45","$23.72B","n/a","Basic Industries","Paper","http://www.nasdaq.com/symbol/ip",1,0,0,0,1,0,1,0,2011,9352,"12/31/2011 12:00:00 AM","US4601461035","Forest and Paper Products - Forestry, Timber, Pulp and Paper, Rubber","8820000","CDP Response",,,,,"4241000","CDP Response",,,,
"NYSE","IPI","Intrepid Potash, Inc","4.09","$532.66M","2008","Basic Industries","Mining & Quarrying of Nonmetallic Minerals (No Fuels)","http://www.nasdaq.com/symbol/ipi",1,0,0,0,1,0,0,0,2011,40320,,"US46121Y1029","Chemicals",,,"27000","Model 2","3",,,,"11000000","Model 2","0",
"NYSE","IPI","Intrepid Potash, Inc","4.09","$532.66M","2008","Basic Industries","Mining & Quarrying of Nonmetallic Minerals (No Fuels)","http://www.nasdaq.com/symbol/ipi",1,0,0,0,1,0,0,0,2013,40320,,"US46121Y1029","Chemicals",,,"38000","Model 2","3",,,,"9600000","Model 2","0",
"NYSE","IPI","Intrepid Potash, Inc","4.09","$532.66M","2008","Basic Industries","Mining & Quarrying of Nonmetallic Minerals (No Fuels)","http://www.nasdaq.com/symbol/ipi",1,0,0,0,1,0,0,0,2012,40320,,"US46121Y1029","Chemicals",,,"32000","Model 2","3",,,,"31000000","Model 2","0",
"NYSE","KO","Coca-Cola Company (The)","46.18","$196.97B","n/a","Consumer Non-Durables","Beverages (Production/Distribution)","http://www.nasdaq.com/symbol/ko",1,0,0,1,1,1,0,0,2013,3564,"12/31/2013 12:00:00 AM","US1912161007","Food & Beverage Processing","2231744","CDP Response",,,,,"1067512","CDP Response",,,,
"NYSE","KO","Coca-Cola Company (The)","46.18","$196.97B","n/a","Consumer Non-Durables","Beverages (Production/Distribution)","http://www.nasdaq.com/symbol/ko",1,0,0,1,1,1,0,0,2012,3564,"12/31/2012 12:00:00 AM","US1912161007","Food & Beverage Processing","2551626","CDP Response",,,,,"1138377","CDP Response",,,,
"NYSE","KO","Coca-Cola Company (The)","46.18","$196.97B","n/a","Consumer Non-Durables","Beverages (Production/Distribution)","http://www.nasdaq.com/symbol/ko",1,0,0,1,1,1,0,0,2011,3564,"12/31/2011 12:00:00 AM","US1912161007","Food & Beverage Processing","2420996","CDP Response",,,,,"1308327","CDP Response",,,,
"NYSE","KR","Kroger Company (The)","21.3","$18.95B","n/a","Consumer Services","Food Chains","http://www.nasdaq.com/symbol/kr",1,0,0,0,1,0,1,0,2011,10331,"01/30/2012 12:00:00 AM","US5010441013","Food & Staples Retailing","2010936","CDP Response",,,,,"4405959","CDP Response",,,,
"NYSE","KR","Kroger Company (The)","21.3","$18.95B","n/a","Consumer Services","Food Chains","http://www.nasdaq.com/symbol/kr",1,0,0,0,1,0,1,0,2013,10331,,"US5010441013","Food & Staples Retailing",,,"1200000","Model 2","4",,,,"2800000","Model 2","4",
"NYSE","KR","Kroger Company (The)","21.3","$18.95B","n/a","Consumer Services","Food Chains","http://www.nasdaq.com/symbol/kr",1,0,0,0,1,0,1,0,2012,10331,"02/01/2013 12:00:00 AM","US5010441013","Food & Staples Retailing","1889971","CDP Response",,,,,"4215860","CDP Response",,,,
"NYSE","MON","Monsanto Company","122.3","$53.73B","n/a","Basic Industries","Agricultural Chemicals","http://www.nasdaq.com/symbol/mon",1,0,0,0,1,1,1,0,2011,12330,"12/31/2011 12:00:00 AM","US61166W1018","Chemicals","1389817","CDP Response",,,,,"1144031","CDP Response",,,,
"NYSE","MON","Monsanto Company","122.3","$53.73B","n/a","Basic Industries","Agricultural Chemicals","http://www.nasdaq.com/symbol/mon",1,0,0,0,1,1,1,0,2013,12330,"12/31/2013 12:00:00 AM","US61166W1018","Chemicals","1450000","CDP Response",,,,,"565000","CDP Response",,,,
"NYSE","MON","Monsanto Company","122.3","$53.73B","n/a","Basic Industries","Agricultural Chemicals","http://www.nasdaq.com/symbol/mon",1,0,0,0,1,1,1,0,2012,12330,"12/31/2012 12:00:00 AM","US61166W1018","Chemicals","1610000","CDP Response",,,,,"539000","CDP Response",,,,
"NYSE","MOS","Mosaic Company (The)","21.78","$7.65B","n/a","Basic Industries","Agricultural Chemicals","http://www.nasdaq.com/symbol/mos",1,0,0,0,1,1,1,0,2011,12382,"12/31/2011 12:00:00 AM","US61945C1036","Chemicals","2142600","CDP Response",,,,,"1450790","CDP Response",,,,
"NYSE","MOS","Mosaic Company (The)","21.78","$7.65B","n/a","Basic Industries","Agricultural Chemicals","http://www.nasdaq.com/symbol/mos",1,0,0,0,1,1,1,0,2012,12382,"12/31/2012 12:00:00 AM","US61945C1036","Chemicals","2904196","CDP Response",,,,,"1605383","CDP Response",,,,
"NYSE","MOS","Mosaic Company (The)","21.78","$7.65B","n/a","Basic Industries","Agricultural Chemicals","http://www.nasdaq.com/symbol/mos",1,0,0,0,1,1,1,0,2013,12382,"12/31/2013 12:00:00 AM","US61945C1036","Chemicals","2793949","CDP Response",,,,,"1616303","CDP Response",,,,
"NYSE","NAV","Navistar International Corporation","42.65","$4.19B","n/a","Capital Goods","Auto Manufacturing","http://www.nasdaq.com/symbol/nav",1,0,0,1,1,0,0,0,2011,12893,,"US63934E1082","Electrical Equipment and Machinery",,,"130000","Model 2","2",,,,"300000","Model 2","2",
"NYSE","NAV","Navistar International Corporation","42.65","$4.19B","n/a","Capital Goods","Auto Manufacturing","http://www.nasdaq.com/symbol/nav",1,0,0,1,1,0,0,0,2012,12893,"12/31/2012 12:00:00 AM","US63934E1082","Electrical Equipment and Machinery","140666","CDP Response",,,,,"344286","CDP Response",,,,
"NYSE","NAV","Navistar International Corporation","42.65","$4.19B","n/a","Capital Goods","Auto Manufacturing","http://www.nasdaq.com/symbol/nav",1,0,0,1,1,0,0,0,2013,12893,"12/31/2013 12:00:00 AM","US63934E1082","Electrical Equipment and Machinery","138130","CDP Response",,,,,"304191","CDP Response",,,,
"NYSE","NEM","Newmont Mining Corporation","38.59","$20.58B","n/a","Basic Industries","Precious Metals","http://www.nasdaq.com/symbol/nem",1,0,0,0,1,1,1,0,2011,13117,"12/31/2011 12:00:00 AM","US6516391066","Mining - Other (Precious Metals and Gems)","4414205.63","CDP Response",,,,,"1145553.1","CDP Response",,,,
"NYSE","NEM","Newmont Mining Corporation","38.59","$20.58B","n/a","Basic Industries","Precious Metals","http://www.nasdaq.com/symbol/nem",1,0,0,0,1,1,1,0,2012,13117,"12/31/2012 12:00:00 AM","US6516391066","Mining - Other (Precious Metals and Gems)","4016150","CDP Response",,,,,"1182740","CDP Response",,,,
"NYSE","NEM","Newmont Mining Corporation","38.59","$20.58B","n/a","Basic Industries","Precious Metals","http://www.nasdaq.com/symbol/nem",1,0,0,0,1,1,1,0,2013,13117,"12/31/2013 12:00:00 AM","US6516391066","Mining - Other (Precious Metals and Gems)","4402779.5","CDP Response",,,,,"1205633.1","CDP Response",,,,
"NYSE","NOC","Northrop Grumman Corporation","296.4","$51.6B","n/a","Capital Goods","Industrial Machinery/Components","http://www.nasdaq.com/symbol/noc",1,0,0,0,1,1,1,0,2013,13488,"12/31/2013 12:00:00 AM","US6668071029","Aerospace & Defense","148787","CDP Response",,,,,"462419","CDP Response",,,,
"NYSE","NOC","Northrop Grumman Corporation","296.4","$51.6B","n/a","Capital Goods","Industrial Machinery/Components","http://www.nasdaq.com/symbol/noc",1,0,0,0,1,1,1,0,2012,13488,"12/31/2012 12:00:00 AM","US6668071029","Aerospace & Defense","135360","CDP Response",,,,,"484309","CDP Response",,,,
"NYSE","NOC","Northrop Grumman Corporation","296.4","$51.6B","n/a","Capital Goods","Industrial Machinery/Components","http://www.nasdaq.com/symbol/noc",1,0,0,0,1,1,1,0,2011,13488,"12/31/2011 12:00:00 AM","US6668071029","Aerospace & Defense","154642","CDP Response",,,,,"537934","CDP Response",,,,
"NYSE","NUE","Nucor Corporation","58.31","$18.63B","n/a","Basic Industries","Steel/Iron Ore","http://www.nasdaq.com/symbol/nue",1,0,0,0,1,0,1,0,2011,13581,,"US6703461052","Mining - Iron, Aluminum, Other Metals",,,"17000000","Model 2","4",,,,"1800000","Model 2","2",
"NYSE","NUE","Nucor Corporation","58.31","$18.63B","n/a","Basic Industries","Steel/Iron Ore","http://www.nasdaq.com/symbol/nue",1,0,0,0,1,0,1,0,2012,13581,,"US6703461052","Mining - Iron, Aluminum, Other Metals",,,"19000000","Model 2","4",,,,"2000000","Model 2","2",
"NYSE","NUE","Nucor Corporation","58.31","$18.63B","n/a","Basic Industries","Steel/Iron Ore","http://www.nasdaq.com/symbol/nue",1,0,0,0,1,0,1,0,2013,13581,,"US6703461052","Mining - Iron, Aluminum, Other Metals",,,"19000000","Model 2","4",,,,"2200000","Model 2","3",
"NYSE","PEP","Pepsico, Inc.","112.62","$160.16B","n/a","Consumer Non-Durables","Beverages (Production/Distribution)","http://www.nasdaq.com/symbol/pep",1,0,0,1,1,1,1,1,2013,14605,"12/31/2013 12:00:00 AM","US7134481081","Food & Beverage Processing","3823000","CDP Response",,,,,"1958000","CDP Response",,,,
"NYSE","PEP","Pepsico, Inc.","112.62","$160.16B","n/a","Consumer Non-Durables","Beverages (Production/Distribution)","http://www.nasdaq.com/symbol/pep",1,0,0,1,1,1,1,1,2011,14605,"12/31/2011 12:00:00 AM","US7134481081","Food & Beverage Processing","3980007","CDP Response",,,,,"2016774","CDP Response",,,,
"NYSE","PEP","Pepsico, Inc.","112.62","$160.16B","n/a","Consumer Non-Durables","Beverages (Production/Distribution)","http://www.nasdaq.com/symbol/pep",1,0,0,1,1,1,1,1,2012,14605,"12/31/2012 12:00:00 AM","US7134481081","Food & Beverage Processing","3854784","CDP Response",,,,,"1928490","CDP Response",,,,
"NYSE","TSN","Tyson Foods, Inc.","70.21","$25.22B","n/a","Consumer Non-Durables","Meat/Poultry/Fish","http://www.nasdaq.com/symbol/tsn",1,0,0,0,1,0,1,0,2013,19581,,"US9024941034","Food & Beverage Processing",,,"1400000","Model 2","2",,,,"1000000","Model 2","2",
"NYSE","TSN","Tyson Foods, Inc.","70.21","$25.22B","n/a","Consumer Non-Durables","Meat/Poultry/Fish","http://www.nasdaq.com/symbol/tsn",1,0,0,0,1,0,1,0,2011,19581,,"US9024941034","Food & Beverage Processing","3432870.11","CSR Report",,,,,"1767129.89","CSR Report",,,,
"NYSE","TSN","Tyson Foods, Inc.","70.21","$25.22B","n/a","Consumer Non-Durables","Meat/Poultry/Fish","http://www.nasdaq.com/symbol/tsn",1,0,0,0,1,0,1,0,2012,19581,,"US9024941034","Food & Beverage Processing","3615981.8","CSR Report",,,,,"1604018.2","CSR Report",,,,
"NYSE","PPG","PPG Industries, Inc.","113.5","$29.11B","n/a","Basic Industries","Paints/Coatings","http://www.nasdaq.com/symbol/ppg",1,0,0,1,1,1,1,0,2011,14926,"12/31/2011 12:00:00 AM","US6935061076","Chemicals","3954000","CDP Response",,,,,"1720000","CDP Response",,,,
"NYSE","PPG","PPG Industries, Inc.","113.5","$29.11B","n/a","Basic Industries","Paints/Coatings","http://www.nasdaq.com/symbol/ppg",1,0,0,1,1,1,1,0,2012,14926,"12/31/2012 12:00:00 AM","US6935061076","Chemicals","4053000","CDP Response",,,,,"1810000","CDP Response",,,,
"NYSE","PPG","PPG Industries, Inc.","113.5","$29.11B","n/a","Basic Industries","Paints/Coatings","http://www.nasdaq.com/symbol/ppg",1,0,0,1,1,1,1,0,2013,14926,"12/31/2013 12:00:00 AM","US6935061076","Chemicals","1122000","CDP Response",,,,,"943000","CDP Response",,,,"Quote from CDP response 'Significantly reduced energy and greenhouse gas emission intensity due to several initiatives and the separation of the commodity chemicals business'"
"NYSE","PX","Praxair, Inc.","142.21","$40.68B","n/a","Basic Industries","Major Chemicals","http://www.nasdaq.com/symbol/px",1,0,0,0,1,1,1,0,2012,15027,"12/31/2012 12:00:00 AM","US74005P1049","Chemicals","5355000","CDP Response",,,,,"11329000","CDP Response",,,,
"NYSE","PX","Praxair, Inc.","142.21","$40.68B","n/a","Basic Industries","Major Chemicals","http://www.nasdaq.com/symbol/px",1,0,0,0,1,1,1,0,2011,15027,"12/31/2011 12:00:00 AM","US74005P1049","Chemicals","5073000","CDP Response",,,,,"10933000","CDP Response",,,,
"NYSE","PX","Praxair, Inc.","142.21","$40.68B","n/a","Basic Industries","Major Chemicals","http://www.nasdaq.com/symbol/px",1,0,0,0,1,1,1,0,2013,15027,"12/31/2013 12:00:00 AM","US74005P1049","Chemicals","6152000","CDP Response",,,,,"11883000","CDP Response",,,,
"NYSE","RPM","RPM International Inc.","51.76","$6.91B","n/a","Basic Industries","Paints/Coatings","http://www.nasdaq.com/symbol/rpm",1,0,0,0,1,0,0,0,2011,40399,,"US7496851038","Chemicals",,,"230000","Model 2","2",,,,"280000","Model 2","2",
"NYSE","RPM","RPM International Inc.","51.76","$6.91B","n/a","Basic Industries","Paints/Coatings","http://www.nasdaq.com/symbol/rpm",1,0,0,0,1,0,0,0,2013,40399,,"US7496851038","Chemicals",,,"260000","Model 2","2",,,,"250000","Model 2","3",
"NYSE","RPM","RPM International Inc.","51.76","$6.91B","n/a","Basic Industries","Paints/Coatings","http://www.nasdaq.com/symbol/rpm",1,0,0,0,1,0,0,0,2012,40399,,"US7496851038","Chemicals",,,"250000","Model 2","2",,,,"260000","Model 2","2",
"NYSE","SHW","Sherwin-Williams Company (The)","385.84","$36.04B","n/a","Consumer Services","RETAIL: Building Materials","http://www.nasdaq.com/symbol/shw",1,0,0,1,1,0,1,0,2011,16842,"12/31/2011 12:00:00 AM","US8243481061","Chemicals","244363","CDP Response",,,,,"279995","CDP Response",,,,
"NYSE","SHW","Sherwin-Williams Company (The)","385.84","$36.04B","n/a","Consumer Services","RETAIL: Building Materials","http://www.nasdaq.com/symbol/shw",1,0,0,1,1,0,1,0,2012,16842,"12/31/2012 12:00:00 AM","US8243481061","Chemicals","241734","CDP Response",,,,,"280996","CDP Response",,,,
"NYSE","SHW","Sherwin-Williams Company (The)","385.84","$36.04B","n/a","Consumer Services","RETAIL: Building Materials","http://www.nasdaq.com/symbol/shw",1,0,0,1,1,0,1,0,2013,16842,"12/31/2013 12:00:00 AM","US8243481061","Chemicals","263324","CDP Response",,,,,"273240","CDP Response",,,,
"NYSE","STZ","Constellation Brands Inc","208.56","$40.8B","n/a","Consumer Non-Durables","Beverages (Production/Distribution)","http://www.nasdaq.com/symbol/stz",1,0,0,1,1,0,0,0,2012,3795,"02/28/2013 12:00:00 AM","US21036P1084","Food & Beverage Processing","67717","CDP Response",,,,,"37914","CDP Response",,,,
"NYSE","STZ","Constellation Brands Inc","208.56","$40.8B","n/a","Consumer Non-Durables","Beverages (Production/Distribution)","http://www.nasdaq.com/symbol/stz",1,0,0,1,1,0,0,0,2011,3795,"02/29/2012 12:00:00 AM","US21036P1084","Food & Beverage Processing","72885","CDP Response",,,,,"37797","CDP Response",,,,
"NYSE","STZ","Constellation Brands Inc","208.56","$40.8B","n/a","Consumer Non-Durables","Beverages (Production/Distribution)","http://www.nasdaq.com/symbol/stz",1,0,0,1,1,0,0,0,2013,3795,"02/28/2014 12:00:00 AM","US21036P1084","Food & Beverage Processing","139130","CDP Response",,,,,"52833","CDP Response",,,,
"NYSE","TAP","Molson Coors Brewing  Company","83.59","$13.61B","n/a","Consumer Non-Durables","Beverages (Production/Distribution)","http://www.nasdaq.com/symbol/tap",1,0,0,0,1,0,0,0,2013,12348,"12/31/2013 12:00:00 AM","US60871R2094","Food & Beverage Processing","206749","CDP Response",,,,,"123415","CDP Response",,,,
"NYSE","TAP","Molson Coors Brewing  Company","83.59","$13.61B","n/a","Consumer Non-Durables","Beverages (Production/Distribution)","http://www.nasdaq.com/symbol/tap",1,0,0,0,1,0,0,0,2011,12348,"12/31/2011 12:00:00 AM","US60871R2094","Food & Beverage Processing","426879","CDP Response",,,,,"466467","CDP Response",,,,
"NYSE","TAP","Molson Coors Brewing  Company","83.59","$13.61B","n/a","Consumer Non-Durables","Beverages (Production/Distribution)","http://www.nasdaq.com/symbol/tap",1,0,0,0,1,0,0,0,2012,12348,"12/31/2012 12:00:00 AM","US60871R2094","Food & Beverage Processing","380118","CDP Response",,,,,"466599","CDP Response",,,,
"NYSE","UAL","United Continental Holdings, Inc.","67.57","$20.56B","n/a","Transportation","Air Freight/Delivery Services","http://www.nasdaq.com/symbol/ual",1,0,0,0,1,0,1,0,2011,19569,"12/31/2011 12:00:00 AM","US9100471096","Air Transportation - Airlines","32771983","CDP Response",,,,,"231389","CDP Response",,,,
"NYSE","UAL","United Continental Holdings, Inc.","67.57","$20.56B","n/a","Transportation","Air Freight/Delivery Services","http://www.nasdaq.com/symbol/ual",1,0,0,0,1,0,1,0,2012,19569,"12/31/2012 12:00:00 AM","US9100471096","Air Transportation - Airlines","32086690","CDP Response",,,,,"309256","CDP Response",,,,
"NYSE","UAL","United Continental Holdings, Inc.","67.57","$20.56B","n/a","Transportation","Air Freight/Delivery Services","http://www.nasdaq.com/symbol/ual",1,0,0,0,1,0,1,0,2013,19569,"12/31/2013 12:00:00 AM","US9100471096","Air Transportation - Airlines","31360099","CDP Response",,,,,"307164","CDP Response",,,,
"NYSE","UTX","United Technologies Corporation","118.72","$94.8B","n/a","Capital Goods","Aerospace","http://www.nasdaq.com/symbol/utx",1,0,0,0,1,1,1,0,2013,19859,"12/31/2013 12:00:00 AM","US9130171096","Aerospace & Defense","955785","CDP Response",,,,,"1160197","CDP Response",,,,
"NYSE","UTX","United Technologies Corporation","118.72","$94.8B","n/a","Capital Goods","Aerospace","http://www.nasdaq.com/symbol/utx",1,0,0,0,1,1,1,0,2011,19859,"12/31/2011 12:00:00 AM","US9130171096","Aerospace & Defense","856354","CDP Response",,,,,"915866","CDP Response",,,,
"NYSE","UTX","United Technologies Corporation","118.72","$94.8B","n/a","Capital Goods","Aerospace","http://www.nasdaq.com/symbol/utx",1,0,0,0,1,1,1,0,2012,19859,"12/31/2012 12:00:00 AM","US9130171096","Aerospace & Defense","801694","CDP Response",,,,,"880896","CDP Response",,,,
"NYSE","WLK","Westlake Chemical Corporation","84.42","$10.89B","2004","Basic Industries","Major Chemicals","http://www.nasdaq.com/symbol/wlk",1,0,0,0,1,0,0,0,2013,40473,,"US9604131022","Chemicals",,,"300000","Model 2","2",,,,"180000","Model 2","2",
"NYSE","WLK","Westlake Chemical Corporation","84.42","$10.89B","2004","Basic Industries","Major Chemicals","http://www.nasdaq.com/symbol/wlk",1,0,0,0,1,0,0,0,2012,40473,,"US9604131022","Chemicals",,,"360000","Model 2","2",,,,"210000","Model 2","1",
"NYSE","WLK","Westlake Chemical Corporation","84.42","$10.89B","2004","Basic Industries","Major Chemicals","http://www.nasdaq.com/symbol/wlk",1,0,0,0,1,0,0,0,2011,40473,,"US9604131022","Chemicals",,,,,,"No revenue, modeled data dropped.",,,,,,"No revenue, modeled data dropped."
"NYSE","WMT","Wal-Mart Stores, Inc.","86.62","$258.75B","n/a","Consumer Services","Department/Specialty Retail Stores","http://www.nasdaq.com/symbol/wmt",1,0,0,1,1,1,1,0,2011,20402,"12/31/2011 12:00:00 AM","US9311421039","Food & Staples Retailing","5804559","CDP Response",,,,,"15660871","CDP Response",,,,
"NYSE","WMT","Wal-Mart Stores, Inc.","86.62","$258.75B","n/a","Consumer Services","Department/Specialty Retail Stores","http://www.nasdaq.com/symbol/wmt",1,0,0,1,1,1,1,0,2012,20402,"12/31/2012 12:00:00 AM","US9311421039","Food & Staples Retailing","5605099","CDP Response",,,,,"15581135","CDP Response",,,,
"NYSE","WMT","Wal-Mart Stores, Inc.","86.62","$258.75B","n/a","Consumer Services","Department/Specialty Retail Stores","http://www.nasdaq.com/symbol/wmt",1,0,0,1,1,1,1,0,2013,20402,"12/31/2013 12:00:00 AM","US9311421039","Food & Staples Retailing","6501715","CDP Response",,,,,"14933422","CDP Response",,,,
"NYSE","X","United States Steel Corporation","27.36","$4.79B","n/a","Basic Industries","Steel/Iron Ore","http://www.nasdaq.com/symbol/x",1,0,0,0,1,0,1,0,2011,19905,"12/31/2011 12:00:00 AM","US9129091081","Mining - Iron, Aluminum, Other Metals","44358354","CDP Response",,,,,"5157520","CDP Response",,,,
"NYSE","X","United States Steel Corporation","27.36","$4.79B","n/a","Basic Industries","Steel/Iron Ore","http://www.nasdaq.com/symbol/x",1,0,0,0,1,0,1,0,2012,19905,"12/31/2012 12:00:00 AM","US9129091081","Mining - Iron, Aluminum, Other Metals","42729786","CDP Response",,,,,"5036625","CDP Response",,,,
"NYSE","X","United States Steel Corporation","27.36","$4.79B","n/a","Basic Industries","Steel/Iron Ore","http://www.nasdaq.com/symbol/x",1,0,0,0,1,0,1,0,2013,19905,"12/31/2013 12:00:00 AM","US9129091081","Mining - Iron, Aluminum, Other Metals","41433617","CDP Response",,,,,"5025063","CDP Response",,,,
