"Exchange","Symbol","Name","LastSale","MarketCap","IPOyear","Sector","industry","Summary Quote","Financials","USSIF_Financials","USSIF_ESG","WaterDataset","CarbonEmissions","GlobalEmissions","HRC","ForestRisk","Year","Country HQ","Country location","Row","Forest Risk Commodity","Forest Risk Assessment","Forest Risk Process","Regulatory risks - Risk Present","Regulatory risks - Further Details","Reputational Risks - Risk Present","Reputational Risks - Further Details","Operational Risks - Risk Present","Operational Risks - Further Details"
"NYSE","AVP","Avon Products, Inc.","2.39","$1.05B","n/a","Consumer Non-Durables","Package Goods/Cosmetics","http://www.nasdaq.com/symbol/avp",1,0,0,0,0,0,1,1,2014,"USA","(37.09024, -95.712891)",1,"Timber","Yes","Because Avon is a significant consumer of paper products, Avon is positioned to influence both supply and demand in the market, and thus contribute to the development of environmental solutions that conserve. That is why Avon developed the Avon Paper Promise, to promote responsible forest use and protect forests.","No risk",,"Non-material risk",,"Material risk",
"NYSE","AVP","Avon Products, Inc.","2.39","$1.05B","n/a","Consumer Non-Durables","Package Goods/Cosmetics","http://www.nasdaq.com/symbol/avp",1,0,0,0,0,0,1,1,2014,"USA","(37.09024, -95.712891)",2,"Palm Oil","Yes","While Avon is not a significant user of palm oil and we believe the physical operational, regulatory and reputational risks to the company are low, Avon has made a commitment through its Palm Oil Promise to take a leadership position in palm oil by purchasing GreenPalm certificates covering 100 percent of its global palm oil use. This will help drive demand for sustainable palm oil, increase the supply for sustainable palm oil, and help maintain biodiversity and habitat for endangered species.","No risk",,"Non-material risk",,"Material risk",
"NYSE","BBY","Best Buy Co., Inc.","55.1","$16.49B","n/a","Consumer Services","Consumer Electronics/Video Chains","http://www.nasdaq.com/symbol/bby",1,0,0,1,0,1,1,1,2014,"USA","(37.09024, -95.712891)",1,"Timber","Yes","At Best Buy, we aknowledge the potential reputational risk of being seen as contributing to the global problem of deforestation. We categorize this risk as low due to our commitment to sustainable forestry and corresponding actions outlined in our Paper Procurement Corporate Statement. Through our enterprise risk process lead by our Risk Council and supported by Communications and Public Affairs Issue Management working group, we monitor all reputational issues, facilitate working group sessions and influence enterprise activities to mitigate risk.",,,"Non-material risk","Due to our Paper Procurement Policy and current traceability, we view the reputational risk low although possible to be targeted by and NGO campaign related to corporate paper use.",,
"NYSE","FIS","Fidelity National Information Services, Inc.","94.96","$31.57B","n/a","Miscellaneous","Business Services","http://www.nasdaq.com/symbol/fis",1,0,0,1,0,0,1,1,2014,"USA","(37.09024, -95.712891)",1,"Timber","No","We currently do not assess forest risk.","No risk","N/A","No risk","N/A","No risk","N/A"
"NYSE","FIS","Fidelity National Information Services, Inc.","94.96","$31.57B","n/a","Miscellaneous","Business Services","http://www.nasdaq.com/symbol/fis",1,0,0,1,0,0,1,1,2014,"USA","(37.09024, -95.712891)",2,"Palm Oil",,"We currently do not assess forest risk.","No risk","N/A","No risk","N/A","No risk","N/A"
"NYSE","FIS","Fidelity National Information Services, Inc.","94.96","$31.57B","n/a","Miscellaneous","Business Services","http://www.nasdaq.com/symbol/fis",1,0,0,1,0,0,1,1,2014,"USA","(37.09024, -95.712891)",3,"Cattle Products",,"We currently do not assess forest risk.","No risk","N/A","No risk","N/A","No risk","N/A"
"NYSE","FIS","Fidelity National Information Services, Inc.","94.96","$31.57B","n/a","Miscellaneous","Business Services","http://www.nasdaq.com/symbol/fis",1,0,0,1,0,0,1,1,2014,"USA","(37.09024, -95.712891)",4,"Soy",,"We currently do not assess forest risk.","No risk","N/A","No risk","N/A","No risk","N/A"
"NYSE","FIS","Fidelity National Information Services, Inc.","94.96","$31.57B","n/a","Miscellaneous","Business Services","http://www.nasdaq.com/symbol/fis",1,0,0,1,0,0,1,1,2014,"USA","(37.09024, -95.712891)",5,"Biofuels",,"We currently do not assess forest risk.","No risk","N/A","No risk","N/A","No risk","N/A"
"NYSE","HPQ","HP Inc.","21.71","$36.26B","n/a","Technology","Computer Manufacturing","http://www.nasdaq.com/symbol/hpq",1,0,0,1,0,1,1,1,2013,"USA","(37.09024, -95.712891)",1,"Timber","Partial","Integrated into multi-disciplinary company- wide risk management processes.    

i. the scope of the process, i.e. the type of risks and opportunities considered by the process such as regulatory, customer behavior changes, reputational and weather-related; HP uses Enterprise Risk Management (ERM) at the enterprise, business, supply chain and function level to capture risks across governance, business strategy, compliance, social and environmental responsibility, existing operations, corporate reputation and reporting.  External risk/opportunity factors such as physical risks from climate change, political disruption, and natural disasters are assessed through the ERM program.  In addition, HP performs targeted risk assessments for critical risks, such as changing economic conditions, climate change, energy, water management and resource scarcity including social implication of resources such a 'rare earths'.  

ii. how risks/opportunities are assessed at a company level (e.g. reputational risk can impact on the full corporation) Risk/opportunities are evaluated both quantitatively and qualitatively.  In addition to financial risk, we consider brand and reputational risk, investor and customer impact, and employee impact.  Risks identification integrates risk management activities with Internal Audit, Ethics and Compliance, Business Continuity Planning, and our Enterprise Compliance Group.  Plans are developed to manage critical risks that exceed certain thresholds.  Plans are implemented by management as well as members of Government Affairs, Compliance and our Corporate Legal department.","Non-material risk","The three timber regulations are US Lacey Act, EU Timber Regulation, and AU Illegal Logging Prohibition Act.  HP has a corporate due diligence plan for timber regulations and specifies legal sourcing requirements for wood-containing materials in HP's General Specification for the Environment.  Based on these tools and requirements the regulatory risk for timber products procured by HP is perceived as negligible.","Non-material risk","HP works closely with NGO's and key suppliers to manage reputational risks associated with paper sourcing and use.","No risk",
"NYSE","HPQ","HP Inc.","21.71","$36.26B","n/a","Technology","Computer Manufacturing","http://www.nasdaq.com/symbol/hpq",1,0,0,1,0,1,1,1,2014,"USA","(37.09024, -95.712891)",1,"Timber","Partial","Integrated into multi-disciplinary company- wide risk management processes.    

i. the scope of the process, i.e. the type of risks and opportunities considered by the process such as regulatory, customer behavior changes, reputational and weather-related; HP uses Enterprise Risk Management (ERM) at the enterprise, business, supply chain and function level to capture risks across governance, business strategy, compliance, social and environmental responsibility, existing operations, corporate reputation and reporting.  External risk/opportunity factors such as physical risks from climate change, political disruption, and natural disasters are assessed through the ERM program.  In addition, HP performs targeted risk assessments for critical risks, such as changing economic conditions, climate change, energy, water management and resource scarcity including social implication of resources such a 'rare earths'.  

ii. how risks/opportunities are assessed at a company level (e.g. reputational risk can impact on the full corporation) Risk/opportunities are evaluated both quantitatively and qualitatively.  In addition to financial risk, we consider brand and reputational risk, investor and customer impact, and employee impact.  Risks identification integrates risk management activities with Internal Audit, Ethics and Compliance, Business Continuity Planning, and our Enterprise Compliance Group.  Plans are developed to manage critical risks that exceed certain thresholds.  Plans are implemented by management as well as members of Government Affairs, Compliance and our Corporate Legal department.","Non-material risk","The three timber regulations are US Lacey Act, EU Timber Regulation, and AU Illegal Logging Prohibition Act.  HP has a corporate due diligence plan for timber regulations and specifies legal sourcing requirements for wood-containing materials in HP's General Specification for the Environment.  Based on these tools and requirements the regulatory risk for timber products procured by HP is perceived as negligible.","Non-material risk","HP works closely with NGO's and key suppliers to manage reputational risks associated with paper sourcing and use.","No risk",
"NYSE","JCI","Johnson Controls International plc","41.69","$38.87B","n/a","Consumer Services","Other Consumer Services","http://www.nasdaq.com/symbol/jci",1,0,0,0,0,1,1,1,2014,"USA","(37.09024, -95.712891)",5,"Biofuels","Partial","Elimination of ethanol from our commerically purchased vehicle fuel would increase fuel efficiency.","Non-material risk","Amounts acquired are relatively insignificant compared to overall market for this commodity.  Overall, we are unaware of any significant issues or risks with acquiring these commodities by our company.","Non-material risk","Amounts acquired are relatively insignificant compared to overall market for this commodity.  Overall, we are unaware of any significant issues or risks with acquiring these commodities by our company.",,"Amounts acquired are relatively insignificant compared to overall market for this commodity.  Overall, we are unaware of any significant issues or risks with acquiring these commodities by our company."
"NYSE","JCI","Johnson Controls International plc","41.69","$38.87B","n/a","Consumer Services","Other Consumer Services","http://www.nasdaq.com/symbol/jci",1,0,0,0,0,1,1,1,2014,"USA","(37.09024, -95.712891)",4,"Soy","Partial","Soy derivatives are currently available from multiple sources at competitive prices.  Should prices increase due to shortages, etc., then other chemical sources are readily available as a replacement.","Non-material risk","Amounts acquired are relatively insignificant compared to overall market for this commodity.  Overall, we are unaware of any significant issues or risks with acquiring these commodities by our company.","Non-material risk","Amounts acquired are relatively insignificant compared to overall market for this commodity.  Overall, we are unaware of any significant issues or risks with acquiring these commodities by our company.","Non-material risk","Amounts acquired are relatively insignificant compared to overall market for this commodity.  Overall, we are unaware of any significant issues or risks with acquiring these commodities by our company."
"NYSE","JCI","Johnson Controls International plc","41.69","$38.87B","n/a","Consumer Services","Other Consumer Services","http://www.nasdaq.com/symbol/jci",1,0,0,0,0,1,1,1,2013,"USA","(37.09024, -95.712891)",1,"Timber","Partial","Used mostly for pallets, which our risk assessment showed that numerous suppliers and soruces for pallets are available. Pallets and dunnage are made often from scrape or low quality timber.  Also, numerous other types of pallets are available besides timber which further reduces shortage or pricing risks. We have also implemented aggressive pallet recycling programs within our automotive group which is significantly reducing our demand for pallets, which is also significantly reducing operational costs.","Non-material risk","Amounts acquired are relatively insignificant compared to overall market for this commodity.  Overall, we are unaware of any significant issues or risks with acquiring these commodities by our company.","Non-material risk","Amounts acquired are relatively insignificant compared to overall market for this commodity.  Overall, we are unaware of any significant issues or risks with acquiring these commodities by our company.","No risk","Amounts acquired are relatively insignificant compared to overall market for this commodity.  Overall, we are unaware of any significant issues or risks with acquiring these commodities by our company."
"NYSE","JCI","Johnson Controls International plc","41.69","$38.87B","n/a","Consumer Services","Other Consumer Services","http://www.nasdaq.com/symbol/jci",1,0,0,0,0,1,1,1,2013,"USA","(37.09024, -95.712891)",2,"Palm Oil","Partial","Little or none known to be used or purchased.","Non-material risk","Little or none known to be used or purchased.","Non-material risk","Little or none known to be used or purchased.","No risk","Little or none known to be used or purchased."
"NYSE","JCI","Johnson Controls International plc","41.69","$38.87B","n/a","Consumer Services","Other Consumer Services","http://www.nasdaq.com/symbol/jci",1,0,0,0,0,1,1,1,2013,"USA","(37.09024, -95.712891)",3,"Cattle Products","Partial","We evaluated availability and it appears a large number of suppliers can provide the type of leather needed at suitable prices.  Options have been identified should leather supplies become short for whatever reason.","Non-material risk","Amounts acquired are relatively insignificant compared to overall market for this commodity.  Overall, we are unaware of any significant issues or risks with acquiring these commodities by our company.","Non-material risk","Amounts acquired are relatively insignificant compared to overall market for this commodity.  Overall, we are unaware of any significant issues or risks with acquiring these commodities by our company.","No risk","Amounts acquired are relatively insignificant compared to overall market for this commodity.  Overall, we are unaware of any significant issues or risks with acquiring these commodities by our company."
"NYSE","JCI","Johnson Controls International plc","41.69","$38.87B","n/a","Consumer Services","Other Consumer Services","http://www.nasdaq.com/symbol/jci",1,0,0,0,0,1,1,1,2013,"USA","(37.09024, -95.712891)",4,"Soy","Partial","Soy derivatives are currently available from multiple sources at competitive prices.  Should prices increase due to shortages, etc., then other chemical sources are readily available as a replacement.","Non-material risk","Amounts acquired are relatively insignificant compared to overall market for this commodity.  Overall, we are unaware of any significant issues or risks with acquiring these commodities by our company.","Non-material risk","Amounts acquired are relatively insignificant compared to overall market for this commodity.  Overall, we are unaware of any significant issues or risks with acquiring these commodities by our company.","No risk","Amounts acquired are relatively insignificant compared to overall market for this commodity.  Overall, we are unaware of any significant issues or risks with acquiring these commodities by our company."
"NYSE","JCI","Johnson Controls International plc","41.69","$38.87B","n/a","Consumer Services","Other Consumer Services","http://www.nasdaq.com/symbol/jci",1,0,0,0,0,1,1,1,2013,"USA","(37.09024, -95.712891)",5,"Biofuels","Partial","Elimination of ethanol from our commerically purchased vehicle fuel would increase fuel efficiency.","Non-material risk","Amounts acquired are relatively insignificant compared to overall market for this commodity.  Overall, we are unaware of any significant issues or risks with acquiring these commodities by our company.","Non-material risk","Amounts acquired are relatively insignificant compared to overall market for this commodity.  Overall, we are unaware of any significant issues or risks with acquiring these commodities by our company.","No risk","Amounts acquired are relatively insignificant compared to overall market for this commodity.  Overall, we are unaware of any significant issues or risks with acquiring these commodities by our company."
"NYSE","JCI","Johnson Controls International plc","41.69","$38.87B","n/a","Consumer Services","Other Consumer Services","http://www.nasdaq.com/symbol/jci",1,0,0,0,0,1,1,1,2014,"USA","(37.09024, -95.712891)",1,"Timber","Partial","Used mostly for pallets, which our risk assessment showed that numerous suppliers and soruces for pallets are available. Pallets and dunnage are made often from scrape or low quality timber.  Also, numerous other types of pallets are available besides timber which further reduces shortage or pricing risks. We have also implemented aggressive pallet recycling programs within our automotive group which is significantly reducing our demand for pallets, which is also significantly reducing operational costs.","Non-material risk","Amounts acquired are relatively insignificant compared to overall market for this commodity.  Overall, we are unaware of any significant issues or risks with acquiring these commodities by our company.","Non-material risk","Amounts acquired are relatively insignificant compared to overall market for this commodity.  Overall, we are unaware of any significant issues or risks with acquiring these commodities by our company.","Non-material risk","Amounts acquired are relatively insignificant compared to overall market for this commodity.  Overall, we are unaware of any significant issues or risks with acquiring these commodities by our company."
"NYSE","JCI","Johnson Controls International plc","41.69","$38.87B","n/a","Consumer Services","Other Consumer Services","http://www.nasdaq.com/symbol/jci",1,0,0,0,0,1,1,1,2014,"USA","(37.09024, -95.712891)",2,"Palm Oil","Partial","Little or none known to be used or purchased.","No risk","No known risk, since little or none purchased or used.","No risk","Little or none known to be used or purchased.","No risk","Little or none known to be used or purchased."
"NYSE","JCI","Johnson Controls International plc","41.69","$38.87B","n/a","Consumer Services","Other Consumer Services","http://www.nasdaq.com/symbol/jci",1,0,0,0,0,1,1,1,2014,"USA","(37.09024, -95.712891)",3,"Cattle Products","Partial","We evaluated availability and it appears a large number of suppliers can provide the type of leather needed at suitable prices.  Options have been identified should leather supplies become short for whatever reason.","Non-material risk","Amounts acquired are relatively insignificant compared to overall market for this commodity.  Overall, we are unaware of any significant issues or risks with acquiring these commodities by our company.","Non-material risk","Amounts acquired are relatively insignificant compared to overall market for this commodity.  Overall, we are unaware of any significant issues or risks with acquiring these commodities by our company.","Non-material risk","Amounts acquired are relatively insignificant compared to overall market for this commodity.  Overall, we are unaware of any significant issues or risks with acquiring these commodities by our company."
"NYSE","K","Kellogg Company","61.96","$21.38B","n/a","Consumer Non-Durables","Packaged Foods","http://www.nasdaq.com/symbol/k",1,0,0,1,0,1,1,1,2013,"USA","(37.09024, -95.712891)",1,"Timber","Yes or 100% third party certified raw materials already achieved","Product packaging is essential for protecting our foods in their journey from manufacturing facilities to retailers to consumers’ homes. The outside of the packaging also provides us with space to communicate product attributes and nutrition information.  Packaging is a component of every product we make and much of that packaging is based on forest products.  It was important to Kellogg to have a strategy in place to address potential deforestation associated with timber based packaging due to the large purchase volume of these materials. Our process to identify the risks in our timber-based products started through discussions by executives to identify a strategy to mitigate potential risks. By identifying FSI in the United States and FSI for the rest of the world, Kellogg found the vehicle to ensure sustainable sourcing was occurring. After this decision was made, additional risk assessment was done at the individual level within the Procurement department to weigh availability, pricing and risk for each sourcing region and application. We continually look at packaging innovations that can help reduce the amount of timber based packaging we use.

Our commitments are summarized on our company website at:
http://crr.kelloggcompany.com/en_US/corporate-responsibility/overview/our-commitments.html
","No risk","We have not found that any regulations are or will be in place in the future that will significantly affect the sourcing of our timber-based packaging","No risk","Since Kellogg Company has been using recycled content in our packaging since its inception, we have a reputation for being thoughtful around the content of our packaging. We continue this commitment by buying recycled content packaging and FSC/FSI certifi","No risk","There are no operational risks for timber-based packaging products because the supply is secure."
"NYSE","K","Kellogg Company","61.96","$21.38B","n/a","Consumer Non-Durables","Packaged Foods","http://www.nasdaq.com/symbol/k",1,0,0,1,0,1,1,1,2013,"USA","(37.09024, -95.712891)",2,"Palm Oil","Yes or 100% third party certified raw materials already achieved","We are a very minor user of palm oil – buying about 0.1 percent of the global supply annually – but we are deeply concerned about its environmental impacts.  Based on these impacts we have developed a sourcing strategy to address the environmental risk associated with our purchases of palm oil.  Since 2008 Kellogg has taken steps to source sustainably grown palm oil and to do our part to end the deforestation associated with palm oil cultivation. In fact, all of the palm oil we use today is 100 percent sustainably sourced through a combination of GreenPalm certificates, mass balance and segregated, sustainably grown supply. Also, 100 percent of the palm oil we use comes from suppliers who are members of the Roundtable on Sustainable Palm Oil (RSPO), a multi-stakeholder organization (of which Kellogg is also a member) working to ensure that palm oil production is economically viable, environmentally appropriate and socially beneficial.  
Specifically,  •In Europe, we began using a segregated supply of sustainably grown palm oil in the summer of 2012. By the end of 2013, we expect that at least 90 percent of the very small volume of palm oil we use in Europe in our products, aside from Pringles® , will be segregated sustainably grown. The palm oil we use in Pringles® in Europe is sourced through the mass balance system, which combines sustainably grown and conventional palm oil.  •In other markets where neither a segregated or mass balance supply are sufficient or feasible, we are continuing to help growers fund the transition to sustainably grown palm oil by purchasing GreenPalm certificates to cover 100 percent of our current palm oil use, as we have done since 2010.   
With the RSPO and other stakeholders, we continue to explore solutions to this global issue and to encourage our mass balance suppliers to increase their percentage of sustainable palm oil as the supply increases. We also require, through our Supplier Code of Conduct, our vendor partners to commit to reducing their impact on the environment.
We are a member of the Consumer Goods Forum (CGF) and support the CGF’s pledge to help achieve zero net deforestation by 2020. Our purchasing policies relating to palm oil help us to meet this commitment.
These commitments are summarized on our company website at 
http://crr.kelloggcompany.com/en_US/corporate-responsibility/overview/our-commitments.html","No risk","Although we are very engaged in procuring sustainably sourced palm, we have not found any regulations that are or will be in place in the future that will significantly affect the sourcing of our palm oils.","Material risk","Palm oil continues to be an area of great concern for our consumers and our customers. Although there are reputational risks present with the use of palm oil, we have mitigated these risks by procuring 100% sustainably sourced palm through GreenPalm certi","Non-material risk","There are no operational risks for palm oil because we are able source our supply from RSPO suppliers and acquire GreenPalm certificates."
"NYSE","K","Kellogg Company","61.96","$21.38B","n/a","Consumer Non-Durables","Packaged Foods","http://www.nasdaq.com/symbol/k",1,0,0,1,0,1,1,1,2013,"USA","(37.09024, -95.712891)",3,"Soy","Yes or 100% third party certified raw materials already achieved","Soy and soy oils are components in many of our products.  When assessing our risk associated with soy, we first did an analysis to determine where our soy is grown for our products globally. We do not purchase soy products from tropical deforested regions. Instead, we purchase soy almost exclusively from the U.S., with a small amount from Argentina.  Due to the volume of our annual purchases of soy and the risk associated with soy production in some parts of the world, we felt it important to document this sourcing strategy for soy and soy oils. By buying almost all of our soy products in the United States, we know that there is a very small risk of deforestation for soy cultivation. Further, through assessment based on cost and risk within our procurement department, we source our soy from Argentina, rather than Brazil or other neighboring countries that have a larger likelihood of deforestation. Going forward, we will continue to be aware of the risk of deforestation associated with soy and will periodically reassess our business needs and supplier performance.

Our commitments are summarized on our company website at:
http://crr.kelloggcompany.com/en_US/corporate-responsibility/overview/our-commitments.html","No risk","We have not found that any regulations are or will be in place in the future that will significantly affect the sourcing of our soy or soy oils.","No risk","Soy does not have a reputational risk for Kellogg. Soy is mostly sourced from the United States, where the risk of deforestation is much lower.","No risk","There are no operational risks for soy since the supply is readily available and freely traded.
"
"NYSE","K","Kellogg Company","61.96","$21.38B","n/a","Consumer Non-Durables","Packaged Foods","http://www.nasdaq.com/symbol/k",1,0,0,1,0,1,1,1,2014,"USA","(37.09024, -95.712891)",1,"Timber","Yes","Product packaging is essential for protecting our foods in their journey from manufacturing facilities to retailers to consumers’ homes. The outside of the packaging also provides us with space to communicate product attributes and nutrition information.  Packaging is a component of every product we make and much of that packaging is based on forest products.  It was important to Kellogg to have a strategy in place to address potential deforestation associated with timber based packaging due to the large purchase volume of these materials. Our process to identify the risks in our timber-based products started through discussions by executives to identify a strategy to mitigate potential risks. By identifying FSI in the United States and FSI for the rest of the world, Kellogg found the vehicle to ensure sustainable sourcing was occurring. After this decision was made, additional risk assessment was done at the individual level within the Procurement department to weigh availability, pricing and risk for each sourcing region and application. We continually look at packaging innovations that can help reduce the amount of timber based packaging we use.

Our commitments are summarized on our company website at:
http://www.kelloggcompany.com/content/dam/kelloggcompanyus/PDF/Corporate%20Responsibility%20Sustainability%20Commitments%201112.pdf
","No risk","We have not found that any regulations are or will be in place in the future that will significantly affect the sourcing of our timber-based packaging.","No risk","Since Kellogg Company has been using recycled content in our packaging since its inception, we have a reputation for being thoughtful around the content of our packaging. We continue this commitment by buying recycled content packaging and FSC/SFI certifi","No risk","There are no operational risks for timber-based packaging products because the supply is secure."
"NYSE","K","Kellogg Company","61.96","$21.38B","n/a","Consumer Non-Durables","Packaged Foods","http://www.nasdaq.com/symbol/k",1,0,0,1,0,1,1,1,2014,"USA","(37.09024, -95.712891)",2,"Palm Oil","Yes","We are a very minor user of palm oil but we are deeply concerned about its environmental impacts.  Based on these impacts we have developed a sourcing strategy to address the environmental risk associated with our purchases of palm oil.  Since 2008 Kellogg has taken steps to source sustainably grown palm oil and to do our part to end the deforestation associated with palm oil cultivation. In fact, all of the palm oil we use today is 100 percent sustainably sourced through a combination of GreenPalm certificates, mass balance and segregated, sustainably grown supply. We are committed to the protection of forests, biodiversity, and peat lands, to mimimizing the carbon footprint of our palm oil supply chain, and to respecting human rights including no forced or child labor, slavery or human trafficking.  Also, 100 percent of the palm oil we use comes from suppliers who are members of the Roundtable on Sustainable Palm Oil (RSPO), a multi-stakeholder organization (of which Kellogg is also a member) working to ensure that palm oil production is economically viable, environmentally appropriate and socially beneficial.  
Specifically, in Europe, we began using a segregated supply of sustainably grown palm oil in the summer of 2012. The palm oil we use in Pringles® in Europe is sourced through the mass balance system, which combines sustainably grown and conventional palm oil. In other markets, we are continuing to help growers fund the transition to sustainably grown palm oil by purchasing GreenPalm certificates to cover the remaining palm oil, as we have done since 2010.   
With the RSPO and other stakeholders, we continue to explore solutions to this global issue and to encourage our mass balance suppliers to increase their percentage of sustainable palm oil as the supply increases. We also require, through our Supplier Code of Conduct, our vendor partners to commit to reducing their impact on the environment.
We are a member of the Consumer Goods Forum (CGF) and support the CGF’s pledge to help achieve zero net deforestation by 2020. Our purchasing policies relating to palm oil help us to meet this commitment.
These commitments are summarized on our company website at 
http://www.kelloggcompany.com/content/dam/kelloggcompanyus/PDF/Corporate%20Responsibility%20Sustainability%20Commitments%201112.pdf","No risk","Although we are very engaged in procuring sustainably sourced palm, we have not found any regulations that are or will be in place in the future that will significantly affect the sourcing of our palm oils. We work with our government relations team to determine if there are regulatory opportunities to grow sustainable and traceable palm oil supply.","Material risk","Palm oil continues to be an area of great concern for our consumers and our customers. Although there are reputational risks present with the use of palm oil, we have mitigated these risks by procuring 100% sustainably sourced palm through RSPO mass balan","Non-material risk","There are no operational risks for palm oil because we are able source our supply from RSPO suppliers and acquire GreenPalm certificates. As customers continue to expand requirements of palm oil use, we may be required to have segregated supplies of which"
"NYSE","K","Kellogg Company","61.96","$21.38B","n/a","Consumer Non-Durables","Packaged Foods","http://www.nasdaq.com/symbol/k",1,0,0,1,0,1,1,1,2014,"USA","(37.09024, -95.712891)",3,"Soy","Yes","Soy and soy oils are components in many of our products.  When assessing our risk associated with soy, we first did an analysis to determine where our soy is grown for our products globally. We do not purchase soy products from tropical deforested regions. Instead, we purchase soy almost exclusively from the U.S., with a small amount from Argentina.  Due to the volume of our annual purchases of soy and the risk associated with soy production in some parts of the world, we felt it important to document this sourcing strategy for soy and soy oils. By buying almost all of our soy products in the United States, we know that there is a very small risk of deforestation for soy cultivation. Further, through assessment based on cost and risk within our procurement department, we source our soy from Argentina, rather than Brazil or other neighboring countries that have a larger likelihood of deforestation. In 2013, we engaged our soy suppliers in discussing risks of deforestation and potential engagement opportunities. Going forward, we will continue to be aware of the risk of deforestation associated with soy, communicate this risk with our suppliers and will periodically reassess our business needs and supplier performance.

Our commitments are summarized on our company website at:
http://www.kelloggcompany.com/content/dam/kelloggcompanyus/PDF/Corporate%20Responsibility%20Sustainability%20Commitments%201112.pdf","No risk","We have not found that any regulations are or will be in place in the future that will significantly affect the sourcing of our soy or soy oils.","No risk","Soy does not have a reputational risk for Kellogg. Soy is mostly sourced from the United States, where the risk of deforestation is much lower.","No risk","There are no operational risks for soy since the supply is readily available and freely traded."
"NYSE","KMB","Kimberly-Clark Corporation","118.56","$41.89B","n/a","Consumer Durables","Containers/Packaging","http://www.nasdaq.com/symbol/kmb",1,0,0,1,0,1,1,1,2013,"USA","(37.09024, -95.712891)",1,"Timber","Yes or 100% third party certified raw materials already achieved","Kimberly-Clark has a Global Fiber Procurement Policy that applies to all of its wood fiber suppliers. As a first step, K-C requires all of its suppliers to acheive certification of their forest management and/or wood fiber procurement activties to one of five forest certifications systems we recognize. The goal is have all supplies certified by 2015 but we already acheived this goal in early 2012.

K-C also has a thorough fiber supplier approval and audit process. All wood fiber suppliers must complete a forestry questionnaire annually and K-C conducts a forestry assessment of all of its suppliers on a frequency not to exceed 3 years between site visits.

Any requirements related  to a supplier's forestry operations are incorporated into their pulp supply agreement with time bound requirements.","Non-material risk","In some US States and countries that K-C sources wood fiber from, there are applicable Forest Practice Codes and Regulations that affect some of our suppliers. Most require companies to demonstrate compliance with sustainable forest management practices.","Non-material risk","We believe that there can be a reputational risk to our company from using wood fiber in our products, however, we believe that these risks are minimal. K-C only sources wood fiber from suppliers that practice sustainable forest management and has a goal","Non-material risk","We believe that there are minimal operational risks to K-C from buying wood fiber to make our products. K-C blends a variety of hardwood and softwood wood fibers to make our tissue products and the optimal blend of fiber types is determined by the technic"
"NYSE","KMB","Kimberly-Clark Corporation","118.56","$41.89B","n/a","Consumer Durables","Containers/Packaging","http://www.nasdaq.com/symbol/kmb",1,0,0,1,0,1,1,1,2014,"USA","(37.09024, -95.712891)",1,"Timber","Yes","Kimberly-Clark has a Global Fiber Procurement Policy that applies to all of its wood fiber suppliers. As a first step, K-C requires all of its suppliers to acheive certification of their forest management and/or wood fiber procurement activties to one of five forest certifications systems we recognize. The goal is have all supplies certified by 2015 but we already acheived this goal in early 2012.

Kimberly-Clark has instituted a due diligence process to evaluate deforestation risk in its supply chain to meet requirements of various illegal timber regulations such as the US Lacey Act and EU Timber Regulations and developing revisions to the Forest Stewardship Council chain-of-custody standards. Kimberly-Clark has identified all high risk countries that we currently source timber products (market pulp and fiber-based packaging).

K-C also has a thorough fiber supplier approval and audit process. All wood fiber suppliers must complete a forestry questionnaire annually and K-C conducts a forestry assessment of all of its suppliers on a frequency not to exceed 3 years between site visits.

Any requirements related  to a supplier's forestry operations are incorporated into their pulp supply agreement with time bound requirements.","No risk","Kimberly-Clark is in compliance with applicable laws regarding the legality of wood products and associated deforestation sourced by the company such as the US Lacey Act and the EU Timber Regulations.","No risk","Kimberly-Clark maintains agreements with WWF as a member of the Global Forest & Trade Network and has a signed Memorandum of Understanding with Greenpeace and meets annually with both ENGOs to discuss timber risk issues to minimize any potential reputatio","No risk","Kimberly-Clark has been very successful in sourcing vrgin wood fiber from certified suppliers and increasing its purchases of FSC-certified annually since 2007 to meet its sourcing commitments and tissue business needs to label a significant proportion of"
"NYSE","MKC","McCormick & Company, Incorporated","98.51","$12.9B","n/a","Consumer Non-Durables","Packaged Foods","http://www.nasdaq.com/symbol/mkc",1,0,0,1,0,0,1,1,2013,"USA","(37.09024, -95.712891)",1,"Soy","Yes or 100% third party certified raw materials already achieved","McCormick has contacted our suppliers and that they have provided a list of the source countries.  For countries potentially subject to deforestation risks, they have also provided written statements that the soy did not originate from areas of deforestation in these countries.   Soy production does not represent a material risk to McCormick to the best of our knowledge.   We will continue to work with our suppliers on this issue.","Non-material risk","Based on our review we do not believe this represents a material risk to the best of our knowledge.   We will continue to work with our suppliers on this issue.","Non-material risk","Based on our review we do not believe this represents a material risk to the best of our knowledge.   We will continue to work with our suppliers on this issue.","Non-material risk","Based on our review we do not believe this represents a material risk to the best of our knowledge.   We will continue to work with our suppliers on this issue."
"NYSE","MKC","McCormick & Company, Incorporated","98.51","$12.9B","n/a","Consumer Non-Durables","Packaged Foods","http://www.nasdaq.com/symbol/mkc",1,0,0,1,0,0,1,1,2014,"USA","(37.09024, -95.712891)",1,"Soy","Yes","McCormick has contacted our suppliers and that they have provided a list of the source countries.  For countries potentially subject to deforestation risks (Brazil, Argentina etc.), they have also provided written statements that the soy did not originate from areas of deforestation in these countries.   Soy production does not represent a material risk to McCormick to the best of our knowledge.   We will continue to work with our suppliers on this issue.","Non-material risk","Based on our review we do not believe this represents a material risk to the best of our knowledge. We will continue to work with our suppliers on this issue.","Non-material risk","Based on our review we do not believe this represents a material risk to the best of our knowledge. We will continue to work with our suppliers on this issue.","Non-material risk","Based on our review we do not believe this represents a material risk to the best of our knowledge. We will continue to work with our suppliers on this issue."
"NasDaq","NWS","News Corporation","14.05","$8.19B","n/a","Consumer Services","Newspapers/Magazines","http://www.nasdaq.com/symbol/nws",1,0,0,0,0,0,1,1,2014,"USA","(37.09024, -95.712891)",1,"Timber","Yes","News Corp’s process for identifying deforestation risks and/or opportunities is the same process used to identify and monitor other pressures that could similarly impact the business. To identify these risks, we use the same process used to identify and monitor other pressures that could similarly impact the business. At the enterprise level, News Corp uses a risk assessment process to identify and track substantive business risks. (For the purposes of this CDP response, News Corp has defined “substantive” to mean noteworthy or caused by something other than mere chance, but does not necessarily include the concept of materiality within the meaning of the securities laws nor would it necessarily have meaningful financial impact). The enterprise risk framework includes an analysis including those risks that may be a result of climate change related impacts. The nature of the Global Environmental Initiative (GEI) as a corporate-wide program ensures senior management involvement and frequent reviews of the GEI’s progress and findings. As part of this corporate-wide program, impacts on and risks to the business overall are regularly shared with senior management, including members of the board.","Non-material risk","At this time there is no regulatory risk to News Corp related to deforestation.  We do not source our paper from illegally harvested fiber, endangered forests, Indonesian tropical rainforests, mixed tropical hardwood, or Acacia and Ramin trees.  If we were to change our suppliers, we would re-evaluate our risks at that time.","Material risk","This is a material risk but mitigated by the strong relationships we maintain with our suppliers to know the source of our paper purchases.","Non-material risk","As we have held ourselves to the standard of only procuring paper from certified mills, there could potentially be a risk of supply.  However, we have evaluated the supply availability of the products we require and deem that to be a non-material risk."
"NasDaq","ODP","Office Depot, Inc.","3.81","$1.97B","n/a","Consumer Services","Other Specialty Stores","http://www.nasdaq.com/symbol/odp",1,0,0,0,0,0,1,1,2013,"USA","(37.09024, -95.712891)",1,"Timber","Partial","We have partnered with WWF to start assessing our forest risks in North America and joined their WWF Forest and Trade Network. We plan to work with suppliers to understand the ultimate forest source of many of our high volume paper products. We will then overlay the source with a risk 'heat map' that WWF provides us.","Material risk","LACEY Act in the US and EUTR / FLEGT timber regulations","Material risk","Risk associated with sourcing from the Boreal Canada and certain SFI certified forests from the US South - if there is conversion from biodiverse forests to monoculture plantations.","Material risk","If permanent deforestation or widespread degradation occurs, in current or future sourcing regions, we could face supply constraints in one of our primary product categories."
"NasDaq","ODP","Office Depot, Inc.","3.81","$1.97B","n/a","Consumer Services","Other Specialty Stores","http://www.nasdaq.com/symbol/odp",1,0,0,0,0,0,1,1,2014,"USA","(37.09024, -95.712891)",1,"Timber","Partial","We have partnered with WWF to start assessing our forest risks in North America and UK/Ireland and joined their WWF Forest and Trade Network. We plan to work with suppliers to understand the ultimate forest source of many of our high volume paper products. We will then overlay the source with a risk 'heat map' that WWF provides us.","Material risk","LACEY Act in the US and EUTR / FLEGT timber regulations","Material risk","Risk associated with sourcing from the Boreal Canada and certain SFI certified forests from the US South - if there is conversion from biodiverse forests to monoculture plantations.","Material risk","If permanent deforestation or widespread degradation occurs, in current or future sourcing regions, we could face supply constraints in one of our primary product categories."
"NYSE","PEP","Pepsico, Inc.","112.62","$160.16B","n/a","Consumer Non-Durables","Beverages (Production/Distribution)","http://www.nasdaq.com/symbol/pep",1,0,0,1,1,1,1,1,2013,"USA","(37.09024, -95.712891)",1,"Timber","Partial","The raw materials and energy we use to produce our products are largely commodities subject to price volatility and fluctuations in availability caused by changes in global supply and demand, weather conditions, agricultural uncertainty or government incentives and controls. In the normal course of business, we manage these risks through a variety of strategies, including productivity initiatives, global purchasing programs and systematic hedging strategies. Our global purchasing programs include fixed price purchase orders and pricing agreements. Our hedging strategies include the use of derivatives, to economically hedge price fluctuations related to a portion of our anticipated commodity purchases, primarily for agricultural products, metals and energy. Commodity Risk Management provides reasonable predictability in cost across our global commodity exposures, while allowing for controlled flexibility to adapt to unique market circumstances. For timber, PepsiCo considers country of origin and supplier business continuity planning by region.","Non-material risk","Following COP 17 and the Rio +20 conferences, the REDD+ program has been made a higher priority globally and therefore changes in timber supply chains and timber derived commodities are forth coming.","Non-material risk","Proper timber management and the impacts on forests have long been reputational issues. However due to our relatively small sourcing of timber based products, use of FSC and other sustainable certified products, PepsiCo is not under any material reputatio","Non-material risk","Following COP 17 and the Rio +20 conferences, the REDD+ program has been made a higher priority globally and therefore changes in timber supply chains and timber derived commodities are forth coming."
"NYSE","PEP","Pepsico, Inc.","112.62","$160.16B","n/a","Consumer Non-Durables","Beverages (Production/Distribution)","http://www.nasdaq.com/symbol/pep",1,0,0,1,1,1,1,1,2013,"USA","(37.09024, -95.712891)",2,"Palm Oil","Partial","The raw materials and energy we use to produce our products are largely commodities subject to price volatility and fluctuations in availability caused by changes in global supply & demand, weather conditions, agricultural uncertainty or government incentives and controls. In the normal course of business, we manage these risks through a variety of strategies, including productivity initiatives, global purchasing programs and systematic hedging strategies. Our global purchasing programs include fixed price purchase orders and pricing agreements. Our hedging strategies include the use of derivatives, to economically hedge price fluctuations related to a portion of our anticipated commodity purchases, primarily for agricultural products, metals and energy. Commodity Risk Management provides reasonable predictability in cost across our global commodity exposures, while allowing for controlled flexibility to adapt to unique market circumstances. For palm oil, PepsiCo considers country of origin, supplier business continuity planning by region and commodity risk management through financial planning on market based commodities.","Material risk","Palm oil is coming under increasing pressure globally to be sourced in a sustainable and responsible manner. This is reflected in PepsiCo's commitment to source 100 percent of our Palm oil as RSPO by 2015.","Material risk","Palm oil is coming under increasing pressure globally to be sourced in a sustainable and responsible manner. This is reflected in PepsiCo's commitment to source 100 percent of our Palm oil as RSPO by 2015.","Material risk","Palm oil is coming under increasing pressure globally to be sourced in a sustainable and responsible manner. This is reflected in PepsiCo's commitment to source 100 percent of our Palm oil as RSPO by 2015."
"NYSE","PEP","Pepsico, Inc.","112.62","$160.16B","n/a","Consumer Non-Durables","Beverages (Production/Distribution)","http://www.nasdaq.com/symbol/pep",1,0,0,1,1,1,1,1,2014,"USA","(37.09024, -95.712891)",1,"Timber","Partial","PepsiCo recognizes the impact that the supply of timber can have on deforestation, which is reflected in our Forestry Stewardship Policy and our Sustainable Packaging Policy.  For timber, PepsiCo considers country of origin and supplier business continuity planning by region.  We have identified specific goals at a regional level to address the risks identified.","Non-material risk","We are seeing increasing interest from national and supra-national governments in the impact of deforestation and in setting regulations to increase transparency and reduce the environmental and social impacts of deforestation around the world. We are seeing increased international co-operation, for example through COP 17 and the Rio +20 conferences, which led to the REDD+ program enhancement, and at a practical level with the US Lacey Act and the European Union Timber Regulations.  We believe that our Sustainable Packaging and Forestry Stewardship Policies reflect current science and will enable us to stay ahead of regulatory requirements.","Material risk","We are seeing increasing interest from socially responsible investors, NGOs and the media on the link between timber for packaging and deforestation in companies’ own operations and supply chains.  We also monitor the ongoing reaction of consumers to bo","Non-material risk","The raw materials and energy we use to produce our products are largely commodities subject to price volatility and fluctuations in availability caused by changes in global supply and demand, weather conditions, agricultural uncertainty or government ince"
"NYSE","PEP","Pepsico, Inc.","112.62","$160.16B","n/a","Consumer Non-Durables","Beverages (Production/Distribution)","http://www.nasdaq.com/symbol/pep",1,0,0,1,1,1,1,1,2014,"USA","(37.09024, -95.712891)",2,"Palm Oil","Partial","PepsiCo recognizes the impact that the supply of palm oil can have on deforestation, which is reflected in our Forestry Stewardship Policy, Palm Oil Commitments and Land Use Policy.  For palm oil, PepsiCo considers country of origin, supplier business continuity planning by region and commodity risk management through financial planning on market based commodities.  We have undertaken a detailed mapping of our palm oil supply chain, to the farm level, to better quantify the risks in various markets. PepsiCo is starting in Mexico, our largest single market of use for palm oil, to perform specific audits against these risks and to better quantify where corrective action is needed.","Non-material risk","Palm oil is coming under increasing pressure from investors, NGOs, the media, governments and business to be sourced in a sustainable and responsible manner.  While most of the mechanisms to deliver more sustainable palm oil, such as the RSPO and NGO campaigns, are non-regulatory, we are seeing increasing interest from governments in using regulation to drive change.  We believe that our Land Use and Forestry Stewardship Policies and Palm Oil Commitments will enable us to stay ahead of regulatory requirements.","Material risk","We are seeing increasing interest from socially responsible investors, NGOs and the media on the link between palm oil and deforestation in companies’ own operations and supply chains.  We also monitor the ongoing reaction of consumers to both negative","Non-material risk","The raw materials and energy we use to produce our products are largely commodities subject to price volatility and fluctuations in availability caused by changes in global supply and demand, weather conditions, agricultural uncertainty or government ince"
"NasDaq","HAIN","The Hain Celestial Group, Inc.","41.81","$4.34B","n/a","Consumer Non-Durables","Packaged Foods","http://www.nasdaq.com/symbol/hain",1,0,0,0,0,0,1,1,2013,"USA","(37.09024, -95.712891)",1,"Timber","Partial","Please see our corporate website for ethical labor practices",,,,,"No risk",
"NasDaq","HAIN","The Hain Celestial Group, Inc.","41.81","$4.34B","n/a","Consumer Non-Durables","Packaged Foods","http://www.nasdaq.com/symbol/hain",1,0,0,0,0,0,1,1,2013,"USA","(37.09024, -95.712891)",2,"Palm Oil","Partial","Please see our corporate website for ethical labor practices",,,,,"No risk",
"NasDaq","HAIN","The Hain Celestial Group, Inc.","41.81","$4.34B","n/a","Consumer Non-Durables","Packaged Foods","http://www.nasdaq.com/symbol/hain",1,0,0,0,0,0,1,1,2013,"USA","(37.09024, -95.712891)",3,"Soy","Partial","Please see our corporate website for ethical labor practices",,,,,"No risk",
"NasDaq","HAIN","The Hain Celestial Group, Inc.","41.81","$4.34B","n/a","Consumer Non-Durables","Packaged Foods","http://www.nasdaq.com/symbol/hain",1,0,0,0,0,0,1,1,2014,"USA","(37.09024, -95.712891)",1,"Timber","Yes","Review our products and suppliers to ensure compliance with our Supplier Code of Conduct.  Our audit process includes a Sustainability Initiatives and Social Responsibility Questionnaire.  We will only buy directly from FSC-certified sources.","No risk","We are in compliance.","Material risk","As we market natural and organic products, our stakeholders and consumers expect us to source sustainably.","Material risk","A catastrophic event reducing or eliminating a crop or commodity.could drive operational risk, as well as social awareness of these issues that may not be catastrophic in nature."
"NasDaq","HAIN","The Hain Celestial Group, Inc.","41.81","$4.34B","n/a","Consumer Non-Durables","Packaged Foods","http://www.nasdaq.com/symbol/hain",1,0,0,0,0,0,1,1,2014,"USA","(37.09024, -95.712891)",2,"Palm Oil","Yes","Review our products and suppliers to ensure compliance with our Supplier Code of Conduct.  Our audit process includes a Sustainability Initiatives and Social Responsibility Questionnaire.  We will only buy directly from RSPO-certified sources.","No risk","We are in compliance.","Material risk","Palm oil has a problematic reputation and we do seek alternatives when feasible.  Although we only buy RSPO-certified directly, someone could make a mistake and damage our reputation.","Material risk","A catastrophic event reducing or eliminating a crop or commodity.could drive operational risk, as well as social awareness of these issues that may not be catastrophic in nature."
"NasDaq","HAIN","The Hain Celestial Group, Inc.","41.81","$4.34B","n/a","Consumer Non-Durables","Packaged Foods","http://www.nasdaq.com/symbol/hain",1,0,0,0,0,0,1,1,2014,"USA","(37.09024, -95.712891)",3,"Soy","Yes","Review our products and suppliers to ensure compliance with our Supplier Code of Conduct.  Our audit process includes a Sustainability Initiatives and Social Responsibility Questionnaire.  We work with the Soyfoods Association of North America.","No risk","We are in compliance.","Material risk","No risk; periodic media reports drive consumer inquiries which are answered.","Material risk","A catastrophic event reducing or eliminating a crop or commodity.could drive operational risk, as well as social awareness of these issues that may not be catastrophic in nature."
"NYSE","HSY","Hershey Company (The)","110.07","$23.38B","n/a","Consumer Non-Durables","Specialty Foods","http://www.nasdaq.com/symbol/hsy",1,0,0,1,0,0,1,1,2014,"USA","(37.09024, -95.712891)",1,"Palm Oil","No",,"No risk",,"Material risk","NGO campaigns, high level media coverage of palm oil and its presence in consumer products.","No risk",
"NYSE","WY","Weyerhaeuser Company","34.9","$26.28B","n/a","Consumer Services","Real Estate Investment Trusts","http://www.nasdaq.com/symbol/wy",1,0,0,0,0,0,1,1,2013,"USA","(37.09024, -95.712891)",1,"Timber","Yes or 100% third party certified raw materials already achieved","We ensure that we and our sources comply with the law and do not cause or encourage destruction of forest areas at risk of loss from unsustainable practices, as described in our Wood Procurement Policy: http://www.weyerhaeuser.com/Sustainability/Planet/ResponsibleFiberSourcing/WoodProcurementPolicy. In regions where we and our sources operate, we  work with governments, environmental nongovernmental organizations, indigenous peoples and communities to identify and help protect forest areas that are priorities for conservation. In the United States and some other areas, we also operate in conformance with the Sustainable Forestry Initiative® standard. When operations using the SFI® standard are procuring externally sourced logs and chips for use in our manufacturing and chipping facilities or by our log customers, we operate in compliance with SFI's procurement principles and objectives.

We have a disciplined process for setting companywide strategic direction environmental, health and safety, social and public policy matters. This direction-setting process guides company behaviour on market-driven issues such as climate change and endangered forests. Supporting the process are systems that give our senior management team information to make good decisions and effectively implement them. Our primary systems for evaluating potential risks and implementing leadership direction are: internal audits of our environmental compliance with government regulations, voluntary standards and company policies; environmental management systems  to provide a disciplined approach to implementing our environmental policy and evaluating performance results; and cross-functional issue-management teams that recommend strategy and manage our response to environmental, health and safety, social and public policy issues.

We are also committed to ensuring the sustainability of our products in the marketplace. Our Product Stewardship Policy states our commitment to integrate environmental, health and safety considerations into our products, from product design to end of life. 
For more information about our Risk Management Systems, please see: http://www.weyerhaeuser.com/Sustainability/Performance/Governance/RiskManagementSystems.","Material risk","The forests we manage and from which we source wood are subject to extensive regulation at national and sub-national levels. We manage these risks on many levels.","Material risk","Weyerhaeuser's reputation depends on managing our forests sustainably and purchasing wood from responsible sources, guided by our sustainable forestry and wood procurement policies. We invest substantial time and effort ensuring we maintain our license to","Material risk","We own or manage more than 20 million acres of forestland in the United States, Canada, and Uruguay.   This asset supplies one-third of our wood-based raw material supply. The remainder of our wood is purchased from dependable, responsible sources in Nort"
"NYSE","WY","Weyerhaeuser Company","34.9","$26.28B","n/a","Consumer Services","Real Estate Investment Trusts","http://www.nasdaq.com/symbol/wy",1,0,0,0,0,0,1,1,2014,"USA","(37.09024, -95.712891)",1,"Timber","Yes","We ensure that we and our suppliers comply with the law and do not cause or encourage destruction of forest areas at risk of loss from unsustainable practices, as described in our Wood Procurement Policy (link to policy at bottom of page): http://www.weyerhaeuser.com/Sustainability/Customers/Certification/FiberSourcing.

In regions where we and our suppliers operate, we  work with governments, environmental nongovernmental organizations, indigenous peoples and communities to identify and help protect forest areas that are priorities for conservation. In the United States and some other areas, we also operate in conformance with the Sustainable Forestry Initiative® standard. When operations using the SFI® standard are procuring externally sourced logs and chips for use in our manufacturing and chipping facilities or by our log customers, we operate in compliance with SFI's procurement principles and objectives. 

We have a disciplined process for setting companywide strategic direction in environmental, health and safety, social and public policy matters. This direction-setting process guides company behaviour on market-driven issues such as climate change and endangered forests. Supporting the process are systems that give our senior management team information to make good decisions and effectively implement them. Our primary systems for evaluating potential risks and implementing leadership direction are: internal audits of our environmental compliance with government regulations, voluntary standards and company policies; environmental management systems  to provide a disciplined approach to implementing our environmental policy and evaluating performance results; and cross-functional issue-management teams that recommend strategy and manage our response to environmental, health and safety, social and public policy issues.

We are also committed to ensuring the sustainability of our products in the marketplace. Our Product Stewardship Policy states our commitment to integrate environmental, health and safety considerations into our products, from product design to end of life. 
For more information about our Risk Management Systems, please see: http://www.weyerhaeuser.com/Sustainability/Investors/RiskManagement","Material risk","The forests we manage and from which we source wood are subject to extensive regulation at national and sub-national levels. We manage these risks on many levels.","Material risk","Weyerhaeuser's reputation depends on managing our forests sustainably and purchasing wood from responsible sources, guided by our sustainable forestry and wood procurement policies. We invest substantial time and effort ensuring we maintain our license to","Material risk","We recognize climate change poses both potential risks and opportunities, and we have strategies in place to address these challenges and capture future opportunities. Severe weather or other natural events capable of affecting the company's assets - stan"
